Client_Num,Card_Category,Annual_Fees,Activation_30_Days,Customer_Acq_Cost,Week_Start_Date,Week_Num,Qtr,current_year,Credit_Limit,Total_Revolving_Bal,Total_Trans_Amt,Total_Trans_Vol,Avg_Utilization_Ratio,Use_Chip,Exp_Type,Interest_Earned,Delinquent_Acc
985822412,Blue,435,1,144,2025-02-09,Week-6,Q1,2025,6089,1250,2689,71,0.029,Chip ,Fuel,829.8,0
914942603,Blue,395,1,120,2025-02-02,Week-5,Q1,2025,3001,1623,2004,55,0.211,Chip ,Entertainment,1006.11,0
903356886,Blue,360,1,83,2024-09-29,Week-39,Q3,2024,9261,0,4614,42,0.432,Swipe ,Travel,3101,0
999529223,Blue,300,0,95,2025-06-15,Week-24,Q2,2025,5666,0,14205,28,0.419,Online ,Grocery,312.12,0
936913810,Blue,370,1,106,2025-01-19,Week-3,Q1,2025,3918,606,2294,36,0.044,Chip ,Entertainment,297.54,1
932868828,Blue,195,1,167,2024-10-06,Week-40,Q4,2024,3006,2024,4532,66,0.589,Swipe ,Travel,708.5,0
929958838,Platinum,200,1,92,2025-05-25,Week-21,Q2,2025,6827,1175,1849,46,0.55,Swipe ,Bills,692.74,0
918728463,Blue,200,1,119,2025-07-13,Week-28,Q3,2025,1844,0,4022,88,0.078,Swipe ,Entertainment,1984,0
998847493,Blue,300,0,118,2024-02-25,Week-8,Q1,2024,15795,868,15226,56,0.943,Swipe ,Grocery,1184.4,0
913756669,Blue,150,1,86,2025-07-06,Week-27,Q3,2025,2987,1414,4425,36,0.099,Swipe ,Food,645.26,0
990825067,Platinum,455,1,74,2025-10-26,Week-43,Q4,2025,8029,0,901,65,0.855,Swipe ,Food,178.1,0
999410741,Blue,360,1,98,2024-03-31,Week-13,Q1,2024,2776,929,3448,82,0,Chip ,Entertainment,1110.34,0
973197857,Blue,375,1,118,2025-11-16,Week-46,Q4,2025,4836,2351,3916,90,0.882,Online ,Entertainment,176.5,0
911668732,Silver,470,1,106,2024-07-07,Week-27,Q3,2024,7398,0,1724,78,0.02,Online ,Travel,835.5,0
979254563,Silver,245,1,103,2025-07-20,Week-29,Q3,2025,15554,2006,2843,33,0.758,Swipe ,Fuel,119.7,0
956629388,Platinum,150,1,113,2024-07-14,Week-28,Q3,2024,3685,2517,14160,40,0.362,Swipe ,Food,445.7,1
904265799,Blue,200,0,116,2024-08-25,Week-34,Q3,2024,5246,1871,4724,73,0.738,Online ,Fuel,256.92,0
903999315,Blue,200,1,100,2025-08-17,Week-33,Q3,2025,1659,1517,3623,80,0.402,Chip ,Food,3425.24,0
912575562,Blue,245,0,111,2024-03-17,Week-11,Q1,2024,2564,1218,7745,77,0.071,Swipe ,Entertainment,1001.22,0
929345092,Blue,280,1,68,2024-05-26,Week-21,Q2,2024,3947,1235,10211,40,0.768,Online ,Grocery,411.48,1
931227216,Blue,125,0,143,2024-08-04,Week-31,Q3,2024,2751,0,4109,59,0.071,Online ,Grocery,1368.63,0
967827638,Blue,125,1,111,2024-06-09,Week-23,Q2,2024,17721,625,4938,117,0.922,Swipe ,Food,877.5,0
980801586,Blue,480,1,71,2025-05-11,Week-19,Q2,2025,2923,1562,7206,61,0.051,Online ,Food,2639.29,0
903561597,Blue,395,1,109,2024-03-10,Week-10,Q1,2024,1602,1568,14703,96,0.479,Chip ,Travel,1205.28,0
975329037,Blue,190,1,81,2024-05-26,Week-21,Q2,2024,2672,0,5182,76,0.723,Online ,Entertainment,1907.78,0
926687537,Blue,435,1,81,2024-01-07,Week-1,Q1,2024,3342,1742,3828,92,0.393,Swipe ,Entertainment,336,0
996102525,Blue,290,0,113,2025-01-05,Week-1,Q1,2025,34516,0,7567,67,0.217,Swipe ,Fuel,453.5,0
987226012,Blue,175,0,140,2025-02-09,Week-6,Q1,2025,1864,2375,1044,40,0.759,Online ,Travel,542.4,0
994130244,Blue,245,1,103,2025-09-14,Week-37,Q3,2025,11025,0,1058,56,0.784,Online ,Bills,298.17,0
973140807,Blue,360,1,134,2025-06-22,Week-25,Q2,2025,2066,1236,761,79,0.923,Swipe ,Grocery,193.04,0
956306997,Silver,300,1,107,2025-03-02,Week-9,Q1,2025,2001,0,1309,55,0.376,Chip ,Grocery,169.89,0
929587039,Blue,365,0,64,2024-09-22,Week-38,Q3,2024,6853,2517,4655,46,0.506,Online ,Entertainment,625.24,0
960291817,Blue,200,0,107,2024-02-04,Week-5,Q1,2024,9830,1591,1470,29,0.363,Chip ,Travel,355.8,0
979089901,Blue,325,1,77,2024-07-28,Week-30,Q3,2024,34516,1983,14565,40,0.257,Chip ,Bills,1038.22,0
937338124,Blue,410,0,111,2024-09-15,Week-37,Q3,2024,1438.3,2517,4977,46,0.751,Swipe ,Grocery,139.68,0
900872248,Blue,225,0,109,2025-09-28,Week-39,Q3,2025,5738,1033,4719,21,0.34,Swipe ,Travel,568.98,0
921429110,Blue,445,0,103,2024-09-15,Week-37,Q3,2024,5927,1515,4207,90,0.428,Swipe ,Bills,494.4,0
993702683,Blue,415,0,140,2025-09-21,Week-38,Q3,2025,1438.3,1720,8765,29,0.404,Chip ,Food,1109.4,0
956722344,Blue,200,1,86,2025-02-16,Week-7,Q1,2025,31756,0,4177,67,0.713,Swipe ,Entertainment,424.35,1
945667651,Blue,175,0,171,2024-03-10,Week-10,Q1,2024,8396,0,3662,55,0.918,Swipe ,Fuel,298.12,0
937295260,Blue,280,1,70,2025-09-07,Week-36,Q3,2025,2685,2517,2505,55,0.667,Chip ,Grocery,345.6,0
920868105,Blue,495,1,60,2024-07-28,Week-30,Q3,2024,3250,0,2090,78,0.472,Chip ,Grocery,993.72,0
928898923,Blue,470,1,86,2024-08-25,Week-34,Q3,2024,2732,686,3016,42,0.779,Chip ,Bills,678.2,0
945176955,Blue,425,1,111,2025-12-07,Week-49,Q4,2025,3011,1687,1322,33,0.641,Chip ,Fuel,1164.51,0
913718431,Blue,350,0,105,2025-12-14,Week-50,Q4,2025,4058,0,4241,68,0.061,Online ,Food,757.47,0
912448136,Blue,175,1,83,2025-07-20,Week-29,Q3,2025,13873,1555,2466,52,0.096,Swipe ,Travel,424.8,0
950992979,Blue,125,1,42,2025-06-15,Week-24,Q2,2025,1938,1309,4586,66,0.038,Online ,Entertainment,1084.86,0
912981052,Blue,245,1,103,2025-08-17,Week-33,Q3,2025,13734,2257,3283,44,0.457,Chip ,Travel,887.4,0
948181396,Blue,320,0,82,2025-12-21,Week-51,Q4,2025,5374,2200,7535,48,0.826,Chip ,Bills,337.87,1
946164955,Silver,400,1,95,2024-06-30,Week-26,Q2,2024,25662,1686,1493,58,0.313,Chip ,Grocery,917.4,0
981030736,Blue,470,1,117,2025-01-19,Week-3,Q1,2025,3386,0,4838,63,0.384,Chip ,Food,884.94,0
935503389,Blue,300,1,105,2024-04-14,Week-15,Q2,2024,1862,0,16208,117,0.909,Chip ,Grocery,309.04,0
905831819,Blue,250,1,86,2025-05-04,Week-18,Q2,2025,4700,540,4990,67,0.837,Swipe ,Travel,968.62,0
997942942,Blue,450,1,60,2024-07-21,Week-29,Q3,2024,2279,0,1312,88,0.665,Online ,Food,489.6,0
961662963,Blue,440,1,93,2025-08-03,Week-31,Q3,2025,2256,1547,4505,114,0.267,Online ,Entertainment,536.58,0
971971316,Blue,460,1,85,2024-05-19,Week-20,Q2,2024,1731,2049,5013,102,0.117,Swipe ,Bills,182.25,0
916753883,Blue,350,1,96,2024-09-01,Week-35,Q3,2024,1438.3,1646,1771,77,0.016,Swipe ,Entertainment,75.6,0
950806024,Blue,455,0,110,2024-05-12,Week-19,Q2,2024,1438.3,1629,3188,30,0.107,Swipe ,Bills,1075.2,0
910576383,Blue,195,1,72,2024-03-10,Week-10,Q1,2024,13035,1249,888,69,0.293,Online ,Entertainment,276.22,0
974093639,Blue,250,1,78,2024-02-25,Week-8,Q1,2024,1926,1356,7380,49,0.552,Online ,Travel,271.44,0
939349722,Blue,200,1,109,2024-06-02,Week-22,Q2,2024,2812,1374,4065,81,0.064,Chip ,Fuel,1012.48,0
984374605,Blue,270,0,89,2025-12-14,Week-50,Q4,2025,1820,1488,4360,70,0.136,Online ,Food,964.85,0
983016315,Blue,125,1,74,2024-10-06,Week-40,Q4,2024,20958,0,4111,43,0.181,Online ,Bills,276.48,1
948537831,Blue,455,1,71,2025-06-22,Week-25,Q2,2025,5991,0,14781,39,0.632,Swipe ,Travel,366.64,0
977490893,Blue,445,1,119,2025-11-02,Week-44,Q4,2025,5712,1590,4785,63,0.616,Online ,Grocery,114.96,0
925808537,Blue,355,1,78,2025-05-25,Week-21,Q2,2025,34516,1935,4317,63,0.551,Chip ,Grocery,462.12,0
994566031,Blue,200,0,104,2024-09-15,Week-37,Q3,2024,2265,0,4627,72,0.251,Online ,Entertainment,547.2,0
909335534,Blue,440,1,72,2025-02-02,Week-5,Q1,2025,8311,2517,4547,119,0.371,Swipe ,Grocery,314,0
906150444,Blue,370,0,120,2024-04-21,Week-16,Q2,2024,2623,862,6613,61,0.097,Swipe ,Fuel,719.6,0
988753260,Blue,245,1,69,2025-02-23,Week-8,Q1,2025,34516,0,3821,78,0.226,Chip ,Bills,337.92,0
930587988,Blue,125,1,119,2025-09-14,Week-37,Q3,2025,11545,0,2857,60,0.898,Chip ,Entertainment,430.36,0
938840994,Blue,300,1,88,2024-09-29,Week-39,Q3,2024,1438.3,1664,2851,60,0.98,Online ,Bills,93.3,0
910709497,Blue,250,1,81,2025-09-21,Week-38,Q3,2025,2870,0,4182,74,0.648,Chip ,Bills,249.9,0
931244663,Silver,360,0,81,2024-12-29,Week-52,Q4,2024,6261,1378,2520,37,0.917,Chip ,Travel,521.62,0
913556182,Blue,125,1,98,2024-09-01,Week-35,Q3,2024,2296,1180,1665,67,0.643,Swipe ,Grocery,304.71,0
951019678,Blue,175,1,113,2025-03-30,Week-13,Q1,2025,2801,2036,2279,38,0.033,Swipe ,Food,358.49,0
937308985,Blue,465,1,80,2025-05-04,Week-18,Q2,2025,6078,0,4076,15,0.997,Online ,Bills,469.77,0
960855700,Blue,290,0,105,2025-03-23,Week-12,Q1,2025,1928,0,4816,81,0.099,Online ,Fuel,3895.02,1
985320121,Blue,480,1,72,2025-02-02,Week-5,Q1,2025,1438.3,527,4861,47,0.683,Online ,Fuel,165.75,0
948966946,Blue,440,0,110,2024-03-17,Week-11,Q1,2024,1964,0,1559,33,0.253,Online ,Food,126,0
921831063,Gold,380,1,79,2025-06-22,Week-25,Q2,2025,6335,0,2023,62,0.392,Swipe ,Grocery,2117.07,0
949684848,Blue,245,0,131,2024-02-11,Week-6,Q1,2024,2468,1168,3699,76,0.646,Online ,Grocery,1046.76,0
947683626,Blue,125,1,93,2025-01-26,Week-4,Q1,2025,6492,0,2160,85,0.436,Online ,Entertainment,2238.04,0
928119557,Blue,335,0,81,2025-10-26,Week-43,Q4,2025,3120,2422,9980,87,0.251,Chip ,Entertainment,1278.42,0
989949389,Blue,300,1,86,2024-10-20,Week-42,Q4,2024,4669,1274,13853,43,0.334,Online ,Entertainment,592.68,0
935833156,Blue,360,1,88,2025-06-29,Week-26,Q2,2025,14817,2205,4289,29,0.342,Chip ,Grocery,763.8,0
994196727,Blue,455,1,108,2024-08-18,Week-33,Q3,2024,1438.3,542,1793,112,0.959,Swipe ,Bills,439.11,0
991744214,Blue,195,1,41,2024-01-28,Week-4,Q1,2024,7304,1506,4885,52,0.799,Online ,Travel,480.96,0
986977837,Blue,125,1,116,2024-03-24,Week-12,Q1,2024,3257,2451,1740,60,0.459,Chip ,Food,1009.24,0
909583482,Blue,435,1,99,2024-07-28,Week-30,Q3,2024,11656,1807,4702,78,0.2,Online ,Food,1161.81,0
981756179,Blue,150,1,80,2025-08-31,Week-35,Q3,2025,5070,1882,2405,54,0.811,Chip ,Food,647.55,0
985225343,Blue,175,0,103,2025-06-01,Week-22,Q2,2025,9617,1223,2027,34,0.157,Online ,Entertainment,647.9,0
922969840,Blue,150,1,126,2025-06-15,Week-24,Q2,2025,8096,1279,4571,26,0.21,Swipe ,Travel,752.36,1
971691040,Blue,150,1,73,2024-01-21,Week-3,Q1,2024,8513,1357,3505,72,0.366,Swipe ,Fuel,157.63,0
997861742,Blue,325,0,102,2025-11-16,Week-46,Q4,2025,1438.3,1903,2037,126,0.88,Chip ,Grocery,1091.07,0
932857966,Blue,445,0,47,2025-08-31,Week-35,Q3,2025,4724,2256,2229,16,0.132,Chip ,Fuel,893.04,1
921931511,Silver,485,1,98,2024-09-01,Week-35,Q3,2024,2378,2426,2537,60,0.122,Swipe ,Entertainment,501.15,1
962043515,Blue,415,1,60,2025-06-01,Week-22,Q2,2025,29543,726,7523,83,0.494,Online ,Bills,436.59,0
950929647,Blue,375,1,91,2024-02-11,Week-6,Q1,2024,34516,0,3203,107,0.276,Chip ,Entertainment,795.72,0
936231783,Blue,110,1,119,2025-11-16,Week-46,Q4,2025,34516,1229,3073,41,0.569,Swipe ,Travel,228.48,0
985899313,Blue,320,1,99,2025-11-09,Week-45,Q4,2025,2956,0,4540,34,0.452,Chip ,Entertainment,376.88,0
992363534,Blue,100,1,144,2024-06-09,Week-23,Q2,2024,2375,1723,14381,63,0.435,Swipe ,Food,574,1
974752529,Blue,125,0,60,2025-03-02,Week-9,Q1,2025,9551,1381,1870,83,0.112,Swipe ,Bills,325.72,0
929476249,Blue,345,1,96,2025-04-13,Week-15,Q2,2025,4196,1980,7242,99,0.141,Chip ,Bills,827.58,0
991887369,Blue,425,1,107,2025-08-10,Week-32,Q3,2025,3705,2375,3968,70,0.821,Chip ,Grocery,384.3,0
943524491,Blue,100,1,104,2025-02-02,Week-5,Q1,2025,2667,2270,4098,69,0.886,Swipe ,Grocery,1153.44,0
907507864,Blue,385,1,154,2024-09-08,Week-36,Q3,2024,3022,0,2079,74,0.235,Online ,Food,632.25,0
930742311,Blue,200,1,93,2024-06-16,Week-24,Q2,2024,8851,930,2131,61,0.113,Swipe ,Bills,909.53,0
904308421,Blue,125,0,52,2025-06-08,Week-23,Q2,2025,3139,0,5223,50,0.053,Online ,Food,239.53,0
942339391,Blue,175,1,85,2025-01-26,Week-4,Q1,2025,2523,1869,968,64,0.608,Online ,Bills,544.92,0
953843426,Blue,280,1,70,2025-07-27,Week-30,Q3,2025,12007,1978,16493,65,0.715,Online ,Travel,770.94,0
935935572,Blue,200,1,130,2025-03-16,Week-11,Q1,2025,2337,2517,1198,59,0.373,Chip ,Entertainment,724.46,0
908883684,Blue,460,1,87,2024-03-24,Week-12,Q1,2024,6725,1040,2377,79,0.68,Swipe ,Grocery,443.67,0
928317637,Blue,250,0,80,2025-03-02,Week-9,Q1,2025,3789,1424,14018,50,0.713,Swipe ,Travel,585.9,0
976125617,Blue,125,1,111,2024-11-10,Week-45,Q4,2024,2701,814,4735,51,0.935,Online ,Entertainment,315.84,0
996356822,Blue,250,1,88,2025-01-05,Week-1,Q1,2025,5930,0,7773,71,0.065,Online ,Grocery,776.53,1
942235350,Blue,445,1,113,2024-10-27,Week-43,Q4,2024,1438.3,0,4566,64,0.192,Online ,Food,142.64,0
928538251,Blue,195,1,80,2024-10-20,Week-42,Q4,2024,2185,1636,2172,75,0.069,Swipe ,Travel,891.25,1
987971488,Blue,125,1,76,2025-08-24,Week-34,Q3,2025,8260,0,8012,87,0.868,Online ,Fuel,1249.03,0
967005685,Blue,390,1,66,2024-04-07,Week-14,Q2,2024,3150,1518,1370,95,0.793,Swipe ,Fuel,950.84,0
953100814,Blue,220,1,44,2024-05-26,Week-21,Q2,2024,4328,0,1193,73,0.575,Swipe ,Grocery,313.56,0
986282117,Blue,245,1,76,2024-10-27,Week-43,Q4,2024,13095,1147,1199,71,0.084,Chip ,Travel,352.9,0
961586053,Blue,200,1,73,2025-01-05,Week-1,Q1,2025,4388,1659,4637,82,0.273,Online ,Entertainment,749.74,0
919175900,Blue,245,1,100,2025-09-14,Week-37,Q3,2025,6385,0,3508,65,0.298,Online ,Entertainment,553.8,0
935551614,Blue,395,1,71,2025-03-23,Week-12,Q1,2025,2966,1618,7653,56,0.561,Online ,Travel,93.52,1
918740864,Blue,330,1,95,2024-09-15,Week-37,Q3,2024,10001,2459,5533,60,0.258,Chip ,Fuel,294.8,0
933101783,Blue,125,1,91,2025-08-17,Week-33,Q3,2025,14370,1171,948,53,0.073,Online ,Travel,850.5,1
999990728,Blue,200,1,76,2024-12-29,Week-52,Q4,2024,2789,351,3407,78,0.731,Swipe ,Fuel,286.2,0
975345555,Silver,445,1,82,2025-11-16,Week-46,Q4,2025,2626,1985,1406,31,0.299,Online ,Fuel,140.56,0
972340307,Blue,125,1,91,2025-05-11,Week-19,Q2,2025,7832,2517,1567,80,0.452,Swipe ,Food,305.52,0
935264581,Blue,475,0,83,2024-02-04,Week-5,Q1,2024,9966,895,8212,66,0.128,Swipe ,Food,199.15,0
978461803,Blue,415,1,107,2025-02-16,Week-7,Q1,2025,11352,1176,7297,108,0.803,Swipe ,Entertainment,1071.36,0
957503414,Blue,420,1,80,2024-03-24,Week-12,Q1,2024,3402,0,4808,85,0.566,Swipe ,Grocery,698.02,0
978320463,Blue,250,0,81,2024-10-13,Week-41,Q4,2024,2185,1255,2265,48,0.902,Online ,Bills,660.87,1
953606628,Blue,250,1,147,2024-08-18,Week-33,Q3,2024,34516,0,1601,72,0.495,Chip ,Travel,338.1,0
948586340,Blue,465,1,88,2024-10-20,Week-42,Q4,2024,6235,1470,3773,67,0.941,Chip ,Fuel,406.12,0
929436733,Blue,125,1,89,2024-04-14,Week-15,Q2,2024,2705,1539,2616,88,0.892,Swipe ,Travel,306.85,0
918566572,Blue,250,1,91,2025-11-23,Week-47,Q4,2025,2721,2225,3630,86,0.576,Online ,Grocery,496.48,0
968387461,Blue,420,1,97,2024-12-29,Week-52,Q4,2024,1766,0,2451,32,0.934,Chip ,Grocery,3520.5,0
966238574,Blue,200,1,84,2025-04-06,Week-14,Q2,2025,9267,1997,1977,45,0.323,Online ,Bills,1181.88,0
912201654,Blue,350,1,92,2024-01-07,Week-1,Q1,2024,5338,680,2602,70,0.366,Chip ,Bills,399.36,0
906323852,Blue,300,0,75,2025-08-17,Week-33,Q3,2025,3269,2034,1351,66,0.045,Swipe ,Fuel,444.18,0
914716857,Blue,270,0,71,2025-05-04,Week-18,Q2,2025,2243,1480,3960,120,0.589,Swipe ,Food,145.3,0
920514014,Silver,150,1,117,2025-02-23,Week-8,Q1,2025,2608,0,3709,50,0.722,Swipe ,Bills,257.04,0
984214382,Blue,455,1,120,2025-01-05,Week-1,Q1,2025,2913,1589,1302,30,0.774,Chip ,Food,204.6,1
921472420,Blue,460,1,98,2024-02-18,Week-7,Q1,2024,2190,1980,3768,72,0.15,Online ,Food,184.32,0
991332642,Platinum,470,1,106,2024-06-23,Week-25,Q2,2024,12554,0,1303,88,0.444,Swipe ,Fuel,333.76,0
956661351,Blue,330,1,121,2025-04-13,Week-15,Q2,2025,34516,1591,2423,87,0.177,Online ,Entertainment,4248.79,0
980048665,Blue,460,1,97,2024-11-24,Week-47,Q4,2024,1438.3,1059,7664,81,0.662,Online ,Food,452.2,0
908526544,Blue,450,1,77,2025-07-13,Week-28,Q3,2025,2324,736,1195,71,0.158,Swipe ,Fuel,804.95,1
951642594,Blue,125,1,95,2025-11-09,Week-45,Q4,2025,8096,1613,5176,84,0.904,Chip ,Bills,3441.75,0
951220073,Blue,200,1,80,2025-03-23,Week-12,Q1,2025,21096,1596,1575,93,0.231,Swipe ,Travel,676.96,0
979978790,Blue,225,0,85,2025-07-20,Week-29,Q3,2025,4587,0,1158,73,0.291,Swipe ,Bills,270.6,1
962820592,Blue,220,1,74,2025-02-02,Week-5,Q1,2025,16722,2041,2843,73,0.851,Chip ,Grocery,270.88,0
971016525,Blue,150,1,119,2025-11-16,Week-46,Q4,2025,34516,672,2121,77,0.458,Online ,Bills,659.4,0
933744231,Blue,480,1,91,2024-02-18,Week-7,Q1,2024,24159,1533,1753,85,0.024,Chip ,Entertainment,377.9,0
974252722,Blue,100,0,55,2024-07-07,Week-27,Q3,2024,8228,1640,2323,44,0.495,Chip ,Fuel,875.38,0
901540956,Blue,325,1,108,2024-09-01,Week-35,Q3,2024,2413,0,2686,57,0.085,Swipe ,Food,532.35,0
991306093,Blue,360,0,108,2025-05-11,Week-19,Q2,2025,1915,0,2397,73,0.985,Chip ,Grocery,387.97,0
996733645,Blue,435,1,46,2024-04-28,Week-17,Q2,2024,2069,2345,1739,87,0.588,Chip ,Fuel,638.86,0
915374874,Blue,250,1,58,2024-09-15,Week-37,Q3,2024,8077,1396,4295,76,0.257,Chip ,Fuel,366.64,1
991497616,Blue,100,1,100,2025-02-02,Week-5,Q1,2025,15490,588,4275,66,0.564,Online ,Food,108.36,0
972070937,Blue,125,1,97,2025-09-21,Week-38,Q3,2025,4626,791,1665,121,0.077,Online ,Bills,439.88,1
935812670,Blue,405,0,86,2025-03-16,Week-11,Q1,2025,2166,0,2783,50,0.8,Swipe ,Travel,247.39,0
986028436,Blue,335,0,114,2024-04-21,Week-16,Q2,2024,2598,1099,4715,63,0.925,Swipe ,Grocery,380.97,0
945657579,Blue,300,1,78,2024-01-28,Week-4,Q1,2024,3523,2517,16485,87,0.874,Online ,Food,618.47,0
914972279,Blue,125,0,117,2025-07-20,Week-29,Q3,2025,6572,1904,2469,57,0.342,Chip ,Entertainment,3737.5,1
939392920,Blue,250,0,70,2025-06-29,Week-26,Q2,2025,14002,1363,1734,77,0.326,Swipe ,Entertainment,650.75,0
958353204,Blue,435,1,54,2025-12-21,Week-51,Q4,2025,3747,859,1344,15,0.035,Swipe ,Travel,421.2,0
921227574,Blue,440,1,156,2024-08-04,Week-31,Q3,2024,5494,2025,2969,79,0.651,Chip ,Travel,503.6,0
960897765,Blue,335,1,101,2025-09-28,Week-39,Q3,2025,9642,0,2603,86,0.535,Chip ,Bills,424.27,0
900435578,Blue,250,0,93,2024-05-26,Week-21,Q2,2024,18713,0,1895,74,0.459,Chip ,Entertainment,500.88,1
996917555,Gold,400,1,119,2024-10-06,Week-40,Q4,2024,1707,2379,2060,58,0.908,Chip ,Grocery,637.47,0
996593904,Blue,125,1,101,2025-05-11,Week-19,Q2,2025,34516,0,4915,64,0.168,Chip ,Food,244.53,0
935351479,Blue,245,1,103,2024-01-14,Week-2,Q1,2024,1708,1646,7443,118,0.01,Online ,Travel,110.6,0
967187530,Blue,325,0,118,2025-05-11,Week-19,Q2,2025,6465,1512,1099,101,0.073,Chip ,Travel,51.24,0
923978249,Blue,295,1,152,2025-01-05,Week-1,Q1,2025,11770,876,4109,28,0.223,Swipe ,Travel,579.3,0
968139880,Blue,300,1,147,2024-03-24,Week-12,Q1,2024,1801,1115,3699,48,0.033,Online ,Food,420.41,0
914282218,Blue,405,1,91,2024-07-21,Week-29,Q3,2024,3118,484,2660,105,0.503,Swipe ,Grocery,593.04,1
983926371,Blue,125,1,82,2024-04-14,Week-15,Q2,2024,1438.3,987,1836,68,0.314,Chip ,Entertainment,3796.76,0
940056581,Blue,285,0,117,2025-02-23,Week-8,Q1,2025,3437,0,3778,29,0.18,Swipe ,Grocery,546.26,0
985758349,Gold,430,0,44,2024-04-21,Week-16,Q2,2024,12994,1431,4955,87,0.75,Chip ,Food,444.18,1
968137358,Silver,200,1,91,2025-08-03,Week-31,Q3,2025,12663,2517,4792,87,0.204,Swipe ,Grocery,472.09,0
981734598,Blue,110,1,102,2024-05-19,Week-20,Q2,2024,2954,0,4699,45,0.688,Swipe ,Bills,247.39,0
926697396,Blue,415,1,157,2025-03-23,Week-12,Q1,2025,8990,2000,1088,61,0.349,Chip ,Food,2362.64,0
920513739,Blue,350,1,87,2025-10-05,Week-40,Q4,2025,8017,1259,4828,28,0.512,Swipe ,Travel,638.12,0
950185867,Gold,380,1,118,2024-09-22,Week-38,Q3,2024,2063,0,4275,68,0.934,Online ,Entertainment,575.04,0
921682744,Blue,150,1,84,2025-04-06,Week-14,Q2,2025,25736,1692,1736,65,0.037,Swipe ,Bills,147.6,1
972394227,Blue,125,0,116,2025-09-28,Week-39,Q3,2025,4461,1749,7986,73,0.5,Online ,Bills,2227.2,0
971182864,Silver,125,1,92,2024-09-01,Week-35,Q3,2024,1438.3,888,4747,79,0.854,Online ,Food,244.32,0
900076758,Blue,175,1,69,2025-01-12,Week-2,Q1,2025,31718,1568,2204,77,0.588,Swipe ,Fuel,586.17,0
980388981,Blue,470,0,94,2025-03-09,Week-10,Q1,2025,2990,968,4094,87,0.277,Online ,Travel,429.03,0
943507489,Blue,245,1,76,2025-03-02,Week-9,Q1,2025,5464,1560,4736,31,0.398,Online ,Entertainment,473.11,0
965579548,Silver,150,1,79,2024-08-11,Week-32,Q3,2024,1856,887,2429,111,0.68,Swipe ,Entertainment,1488,0
902614124,Blue,300,1,115,2025-02-16,Week-7,Q1,2025,12663,1721,4247,49,0.891,Chip ,Entertainment,1117.95,0
915014631,Blue,245,1,82,2025-05-11,Week-19,Q2,2025,1438.3,0,705,69,0.041,Chip ,Food,337.92,0
948718453,Blue,195,1,96,2024-05-12,Week-19,Q2,2024,6247,2420,1279,74,0.072,Online ,Travel,183.92,1
941273847,Blue,245,0,52,2024-12-15,Week-50,Q4,2024,8074,785,1973,85,0.325,Online ,Food,437.6,0
932138745,Blue,125,1,74,2024-06-23,Week-25,Q2,2024,13669,1687,4429,69,0.233,Chip ,Entertainment,352.6,1
907774584,Blue,375,1,149,2025-06-22,Week-25,Q2,2025,17673,2247,15905,103,0.265,Online ,Grocery,1126.08,0
932329237,Silver,330,1,71,2025-04-06,Week-14,Q2,2025,5353,1017,2557,72,0.221,Chip ,Grocery,602.88,0
976149359,Blue,220,0,111,2025-11-02,Week-44,Q4,2025,3297,0,2546,84,0.196,Swipe ,Travel,847.62,0
910570592,Blue,340,1,81,2024-05-05,Week-18,Q2,2024,7234,1542,4620,71,0.131,Online ,Entertainment,746.34,1
911496211,Blue,200,1,91,2024-03-03,Week-9,Q1,2024,2190,1430,3941,67,0.934,Swipe ,Food,623.21,1
998234974,Blue,495,1,158,2024-09-08,Week-36,Q3,2024,8058,1021,2987,56,0.144,Chip ,Fuel,299.6,1
965228535,Blue,435,1,83,2025-11-23,Week-47,Q4,2025,2281,0,1973,53,0.204,Chip ,Fuel,202.28,1
909289546,Blue,295,1,88,2025-12-14,Week-50,Q4,2025,2900,863,14264,108,0.246,Swipe ,Fuel,493.29,0
971498611,Blue,245,1,153,2025-01-12,Week-2,Q1,2025,19349,1843,2849,40,0.933,Online ,Grocery,845,0
916879290,Blue,300,1,115,2024-11-03,Week-44,Q4,2024,1628,962,1771,35,0.756,Swipe ,Food,493.2,0
917232410,Blue,125,1,110,2025-12-07,Week-49,Q4,2025,6189,1035,4684,83,0.79,Swipe ,Fuel,247.57,0
988550256,Blue,175,1,87,2025-03-30,Week-13,Q1,2025,19900,2517,9406,28,0.105,Online ,Entertainment,880.74,1
963791320,Silver,295,1,119,2024-09-01,Week-35,Q3,2024,5578,913,3724,91,0.836,Chip ,Entertainment,1107.91,0
973793389,Blue,410,1,69,2024-01-07,Week-1,Q1,2024,2802,1230,4241,80,0.408,Swipe ,Fuel,559.44,0
922162965,Blue,200,1,112,2024-09-15,Week-37,Q3,2024,2221,1547,4323,40,0.263,Swipe ,Bills,705,0
935575298,Blue,365,1,91,2025-10-12,Week-41,Q4,2025,7231,1468,1830,27,0.576,Chip ,Fuel,1391.88,0
970823176,Blue,175,0,84,2024-09-29,Week-39,Q3,2024,9204,0,5329,102,0.822,Swipe ,Bills,244.6,0
981415657,Blue,150,1,80,2025-06-15,Week-24,Q2,2025,1656,1774,2907,107,0.779,Chip ,Travel,282.06,0
956792612,Blue,385,1,83,2025-06-08,Week-23,Q2,2025,25670,0,3843,103,0.89,Online ,Travel,244.7,0
928427073,Blue,370,1,137,2025-08-17,Week-33,Q3,2025,34516,0,3690,16,0.928,Chip ,Entertainment,1820.07,0
972383095,Blue,385,1,46,2025-03-16,Week-11,Q1,2025,2047,2517,2026,31,0.238,Chip ,Food,612,0
997969689,Blue,435,1,76,2024-05-19,Week-20,Q2,2024,16453,1308,1151,57,0.424,Swipe ,Grocery,1341.09,0
992592466,Blue,250,1,114,2025-02-09,Week-6,Q1,2025,5426,0,5320,81,0.015,Chip ,Food,163.24,1
926998038,Blue,445,1,145,2025-04-27,Week-17,Q2,2025,2330,0,4458,63,0.879,Chip ,Entertainment,241.2,0
995690391,Blue,270,1,78,2025-03-09,Week-10,Q1,2025,5462,2376,4035,56,0.155,Swipe ,Entertainment,549.78,0
941837852,Blue,430,1,66,2024-11-10,Week-45,Q4,2024,3315,1882,2025,28,0.861,Chip ,Food,127.62,0
953551839,Blue,220,1,75,2024-10-27,Week-43,Q4,2024,1438.3,2412,3730,99,0.329,Swipe ,Grocery,527.76,0
990152297,Blue,460,0,109,2025-05-11,Week-19,Q2,2025,3156,2071,2312,57,0.368,Online ,Entertainment,637.14,0
987225156,Blue,150,1,86,2025-11-16,Week-46,Q4,2025,6704,1274,8814,33,0.039,Chip ,Grocery,711.2,0
950119651,Blue,395,1,109,2025-05-04,Week-18,Q2,2025,34516,2284,2400,116,0.327,Online ,Entertainment,830.76,0
958800797,Blue,250,1,90,2024-12-08,Week-49,Q4,2024,2766,1812,4014,64,0.888,Chip ,Travel,2634.15,0
969467853,Blue,195,1,147,2025-02-16,Week-7,Q1,2025,2370,1478,1392,90,0.026,Chip ,Bills,661.35,1
960597444,Blue,250,1,68,2024-10-20,Week-42,Q4,2024,7717,2517,2006,37,0.406,Online ,Entertainment,142.64,0
916240908,Blue,290,1,75,2024-06-23,Week-25,Q2,2024,2089,1115,1662,58,0.031,Online ,Bills,87.3,0
933273328,Blue,490,0,85,2025-09-21,Week-38,Q3,2025,13908,0,2377,80,0.371,Swipe ,Fuel,621.12,1
930158366,Blue,245,1,65,2024-08-04,Week-31,Q3,2024,1843,988,1748,63,0.173,Swipe ,Entertainment,284.05,0
908593410,Blue,125,1,110,2025-06-01,Week-22,Q2,2025,19354,1684,4129,66,0.252,Online ,Travel,430.69,0
945377076,Blue,415,1,55,2024-12-15,Week-50,Q4,2024,2297,1631,8254,67,0.878,Chip ,Grocery,376.47,0
902823170,Blue,250,1,90,2024-07-28,Week-30,Q3,2024,13001,0,4014,82,0.436,Swipe ,Travel,395.98,0
978961459,Silver,110,1,67,2025-11-30,Week-48,Q4,2025,1863,1627,1634,89,0.274,Chip ,Bills,173.94,1
974346088,Blue,125,1,111,2025-01-05,Week-1,Q1,2025,2595,928,4240,59,0.589,Swipe ,Grocery,162.58,0
930885476,Blue,465,1,75,2024-02-11,Week-6,Q1,2024,11249,1714,3853,73,0.142,Swipe ,Travel,821.56,0
978979095,Blue,455,0,73,2024-10-13,Week-41,Q4,2024,3276,0,4949,85,0.259,Swipe ,Travel,926.73,1
929557077,Blue,295,1,89,2025-11-02,Week-44,Q4,2025,1982,2517,1585,27,0.546,Online ,Travel,928.18,0
900965138,Blue,490,1,165,2025-03-02,Week-9,Q1,2025,2610,0,4186,94,0.238,Chip ,Food,805.12,0
909528530,Blue,300,0,66,2025-09-28,Week-39,Q3,2025,1813,2323,3942,124,0.679,Online ,Grocery,965.77,0
995004803,Blue,245,0,90,2025-12-28,Week-52,Q4,2025,2088,2378,1759,75,0.491,Swipe ,Travel,877.8,0
984705205,Blue,245,1,63,2024-12-08,Week-49,Q4,2024,11346,2289,9980,73,0.772,Online ,Travel,412.88,0
907901903,Blue,100,1,72,2024-12-15,Week-50,Q4,2024,5741,971,5124,35,0.948,Online ,Bills,139.32,0
930728046,Blue,385,1,136,2025-08-17,Week-33,Q3,2025,4182,1114,4439,47,0.116,Online ,Travel,1041.82,1
909046318,Blue,270,1,83,2025-12-14,Week-50,Q4,2025,1438.3,1353,7889,113,0.335,Chip ,Travel,1158.64,0
904216175,Blue,100,1,79,2025-08-10,Week-32,Q3,2025,2934,726,4287,54,0.32,Online ,Fuel,650.18,0
944349361,Blue,125,1,97,2024-05-19,Week-20,Q2,2024,34516,1112,5014,32,0.151,Online ,Grocery,587.44,0
909510312,Blue,420,0,120,2025-03-23,Week-12,Q1,2025,6049,1278,2781,69,0.81,Online ,Fuel,513.6,0
969008866,Blue,245,0,107,2024-02-04,Week-5,Q1,2024,9491,0,7341,58,0.76,Online ,Food,2131.75,0
931944441,Blue,175,1,52,2024-04-28,Week-17,Q2,2024,7306,1165,4929,48,0.484,Online ,Bills,574.4,1
937376585,Blue,125,1,93,2025-03-30,Week-13,Q1,2025,2206,990,3833,105,0.538,Online ,Fuel,1207.64,0
989788677,Silver,295,1,98,2025-06-15,Week-24,Q2,2025,23981,2077,7396,23,0.06,Online ,Food,1086.24,0
965151231,Blue,330,1,159,2024-10-27,Week-43,Q4,2024,1438.3,1700,4734,34,0.556,Swipe ,Entertainment,253.8,0
928754377,Blue,370,0,91,2024-03-31,Week-13,Q1,2024,34516,0,1445,81,0.791,Online ,Grocery,900.97,0
972374753,Blue,250,1,55,2025-02-02,Week-5,Q1,2025,30948,1629,2078,61,0.574,Online ,Travel,1218.29,1
917758595,Blue,245,1,112,2024-03-31,Week-13,Q1,2024,1438.3,2111,3797,36,0.265,Chip ,Fuel,496.08,0
997086737,Silver,395,0,87,2025-04-20,Week-16,Q2,2025,3193,1680,1588,19,0.668,Swipe ,Fuel,295.5,0
976644106,Blue,470,1,98,2025-02-16,Week-7,Q1,2025,4323,774,4042,71,0.361,Online ,Travel,439.11,1
977337818,Blue,410,1,113,2024-01-14,Week-2,Q1,2024,8138,1995,1022,34,0.545,Chip ,Travel,282.2,0
963440831,Blue,95,1,138,2025-10-12,Week-41,Q4,2025,3104,0,13299,48,0.488,Online ,Bills,1377.88,0
932614537,Blue,125,1,60,2024-05-12,Week-19,Q2,2024,34516,1974,6009,40,0.381,Online ,Fuel,967.84,0
963481353,Blue,250,0,78,2025-01-05,Week-1,Q1,2025,1677,1218,3906,39,0.719,Online ,Fuel,1001.43,1
954634663,Blue,125,1,81,2025-08-10,Week-32,Q3,2025,15109,1965,4767,23,0.884,Online ,Entertainment,261.4,0
925556386,Blue,390,1,118,2024-05-19,Week-20,Q2,2024,6175,2065,1567,39,0.005,Online ,Food,562.1,0
912660194,Blue,440,1,77,2024-03-10,Week-10,Q1,2024,13184,1101,1337,39,0.934,Chip ,Entertainment,1473.8,0
913009833,Blue,245,1,88,2025-03-02,Week-9,Q1,2025,8597,2219,4306,56,0.512,Online ,Fuel,279.65,0
988447167,Blue,245,0,66,2025-12-07,Week-49,Q4,2025,1878,2517,2428,27,0.701,Chip ,Entertainment,723.52,0
957854710,Silver,440,1,103,2024-08-25,Week-34,Q3,2024,19843,935,3148,36,0.856,Online ,Fuel,2375.62,0
947553014,Blue,500,1,105,2024-11-03,Week-44,Q4,2024,26129,1937,4979,122,0.467,Chip ,Grocery,1122.87,0
956851760,Blue,495,1,109,2025-07-13,Week-28,Q3,2025,5169,1507,3630,114,0.835,Swipe ,Bills,336.51,0
955177213,Blue,430,0,106,2025-09-14,Week-37,Q3,2025,6053,0,2256,80,0.178,Online ,Entertainment,189,0
962682989,Blue,290,1,128,2024-12-22,Week-51,Q4,2024,8103,0,4087,37,0.159,Swipe ,Fuel,1100,0
997854904,Blue,365,1,102,2025-08-10,Week-32,Q3,2025,3497,2399,1505,58,0.657,Swipe ,Entertainment,440.16,0
907270733,Blue,125,1,149,2024-03-17,Week-11,Q1,2024,2367,1566,4835,100,0.87,Swipe ,Food,1182.44,0
990377459,Blue,450,1,156,2024-10-27,Week-43,Q4,2024,2751,805,1598,87,0.892,Online ,Bills,497.85,0
987705310,Blue,375,1,98,2025-08-31,Week-35,Q3,2025,18956,0,3793,39,0.644,Swipe ,Grocery,692.72,0
986728778,Blue,250,1,100,2025-04-27,Week-17,Q2,2025,11606,1499,4180,69,0.525,Chip ,Travel,325.78,0
913209423,Blue,300,1,158,2024-12-08,Week-49,Q4,2024,2151,983,1756,112,0.331,Online ,Travel,751.52,1
908135295,Blue,125,1,98,2024-10-13,Week-41,Q4,2024,2784,2109,4613,78,0.98,Swipe ,Entertainment,660.87,0
954038913,Blue,435,1,101,2025-07-20,Week-29,Q3,2025,2867,1652,3346,65,0.32,Online ,Fuel,1600.68,0
997739173,Blue,370,1,79,2025-10-05,Week-40,Q4,2025,9599,728,4667,53,0.744,Swipe ,Food,348.36,0
945540424,Blue,475,1,84,2025-11-16,Week-46,Q4,2025,2636,655,3910,65,0.532,Chip ,Bills,636.96,0
914665841,Blue,100,1,84,2025-03-16,Week-11,Q1,2025,9549,0,1794,35,0.609,Online ,Grocery,233.12,0
933374088,Blue,225,0,54,2025-05-04,Week-18,Q2,2025,3331,1145,4224,72,0.393,Online ,Grocery,366.1,1
925714784,Blue,140,0,101,2024-02-04,Week-5,Q1,2024,2177,1000,2401,74,0.965,Swipe ,Grocery,313.69,0
925529407,Blue,225,1,153,2025-07-13,Week-28,Q3,2025,1613,2056,5298,50,0.572,Chip ,Travel,567.42,1
971979055,Blue,355,1,43,2024-03-03,Week-9,Q1,2024,34516,985,1912,115,0.938,Online ,Bills,527.1,0
960211891,Blue,290,0,83,2024-08-04,Week-31,Q3,2024,3136,2207,4390,77,0.008,Swipe ,Travel,1397.1,0
918814949,Blue,385,1,68,2025-07-20,Week-29,Q3,2025,34516,1513,2293,93,0.573,Chip ,Entertainment,500.04,0
956623995,Silver,395,1,85,2025-09-07,Week-36,Q3,2025,7262,1856,3899,85,0.717,Chip ,Grocery,1724,0
924627347,Blue,470,1,87,2024-09-15,Week-37,Q3,2024,5905,0,2014,37,0.745,Chip ,Bills,314,0
937385696,Blue,140,1,158,2024-07-28,Week-30,Q3,2024,9758,1247,2216,49,0.905,Chip ,Grocery,452.1,0
962092888,Blue,225,1,80,2025-11-02,Week-44,Q4,2025,12778,2098,1901,94,0.004,Online ,Travel,730.5,1
933528453,Blue,415,1,82,2024-03-24,Week-12,Q1,2024,2837,1930,3822,30,0,Online ,Travel,153.3,0
910117988,Blue,125,1,92,2025-01-26,Week-4,Q1,2025,3749,2163,3347,65,0.472,Chip ,Travel,296.12,0
959476001,Blue,480,1,102,2024-03-31,Week-13,Q1,2024,11213,1817,4483,56,0.029,Swipe ,Grocery,418.6,0
973863413,Blue,125,0,79,2025-11-16,Week-46,Q4,2025,2673,1854,2394,88,0.975,Swipe ,Bills,707.59,1
913141087,Blue,335,1,135,2025-07-27,Week-30,Q3,2025,1640,1793,14880,83,0.222,Chip ,Bills,1500.17,0
906789850,Blue,300,0,86,2025-09-28,Week-39,Q3,2025,1438.3,2517,4917,35,0.473,Chip ,Entertainment,219.56,1
987529405,Blue,175,1,88,2024-03-31,Week-13,Q1,2024,3468,1661,1052,88,0.061,Swipe ,Grocery,347.49,0
972556484,Blue,245,0,90,2025-02-02,Week-5,Q1,2025,1438.3,1069,5402,42,0.522,Chip ,Entertainment,380.34,0
901980765,Blue,330,1,87,2024-06-02,Week-22,Q2,2024,5448,1857,4904,89,0.38,Chip ,Food,396.48,0
912517517,Blue,300,1,48,2025-09-14,Week-37,Q3,2025,1438.3,1214,4439,54,0.045,Online ,Entertainment,193.44,0
931726318,Blue,270,0,141,2024-09-29,Week-39,Q3,2024,5501,1274,1371,64,0.335,Online ,Entertainment,233.19,0
922321899,Blue,445,1,76,2024-01-28,Week-4,Q1,2024,7866,2239,3764,42,0.391,Chip ,Entertainment,183.15,0
954547971,Silver,220,0,89,2024-02-11,Week-6,Q1,2024,32210,721,1378,64,0.99,Chip ,Travel,375.84,0
965181648,Blue,330,1,76,2024-10-20,Week-42,Q4,2024,3818,1623,4812,78,0.208,Online ,Food,184.14,0
964606833,Blue,445,1,131,2025-12-14,Week-50,Q4,2025,2387,2264,1863,95,0.545,Chip ,Entertainment,590.1,0
928688676,Blue,95,1,79,2024-02-25,Week-8,Q1,2024,2557,2517,4244,69,0.987,Online ,Bills,561.15,0
953826716,Blue,190,1,95,2024-09-22,Week-38,Q3,2024,16034,1219,3992,56,0.792,Online ,Entertainment,3999.39,0
907869910,Blue,320,1,115,2024-11-17,Week-46,Q4,2024,3126,1389,1517,130,0.993,Swipe ,Travel,389.69,0
922097220,Blue,385,1,87,2024-12-01,Week-48,Q4,2024,1647,788,4026,32,0.968,Online ,Fuel,806.3,0
950864911,Blue,350,1,42,2025-01-26,Week-4,Q1,2025,11135,0,4306,38,0.49,Swipe ,Food,809.64,0
900289289,Gold,370,1,84,2024-05-12,Week-19,Q2,2024,6230,2517,3334,78,0.696,Swipe ,Fuel,813.42,0
952401521,Blue,95,1,73,2024-08-11,Week-32,Q3,2024,13743,1008,3698,55,0.11,Online ,Fuel,974.88,0
935594951,Blue,100,1,114,2025-04-20,Week-16,Q2,2025,5645,1930,4905,24,0.441,Chip ,Food,671.75,0
961070189,Gold,475,1,92,2025-01-05,Week-1,Q1,2025,10795,1778,1276,45,0.809,Online ,Grocery,699.44,0
938285503,Blue,250,0,88,2025-05-25,Week-21,Q2,2025,3106,0,2017,37,0.505,Swipe ,Bills,1353.12,0
956775103,Blue,245,1,70,2025-09-07,Week-36,Q3,2025,9133,1873,2156,41,0.703,Online ,Travel,910.8,0
993494928,Blue,470,1,161,2025-12-14,Week-50,Q4,2025,3959,1173,2291,79,0.746,Online ,Food,920.85,0
998046763,Blue,320,1,49,2024-06-16,Week-24,Q2,2024,5989,2517,2229,39,0.253,Swipe ,Fuel,271.32,1
974593961,Blue,300,0,116,2024-06-02,Week-22,Q2,2024,4288,1720,8028,96,0.876,Online ,Travel,267.6,0
988834863,Blue,125,1,51,2024-06-09,Week-23,Q2,2024,2774,1491,3244,124,0.46,Online ,Travel,1012.6,0
996423126,Blue,470,0,103,2024-03-17,Week-11,Q1,2024,2540,2031,4027,77,0.21,Swipe ,Grocery,374.2,0
965319931,Blue,100,1,80,2025-07-06,Week-27,Q3,2025,4626,1927,14728,67,0.865,Chip ,Fuel,838.28,0
920776478,Blue,300,1,92,2024-12-08,Week-49,Q4,2024,3657,0,1469,28,0.418,Swipe ,Entertainment,545.05,0
925487660,Blue,245,1,118,2025-07-13,Week-28,Q3,2025,6214,1162,4045,60,0.75,Swipe ,Travel,749.12,0
939823450,Blue,390,1,120,2025-09-07,Week-36,Q3,2025,2313,782,4816,54,0.548,Online ,Fuel,756.28,0
929219319,Blue,150,1,159,2024-08-04,Week-31,Q3,2024,6111,1169,15552,57,0.382,Swipe ,Travel,943.25,0
907849494,Blue,450,1,105,2025-03-23,Week-12,Q1,2025,12547,1518,1051,62,0.81,Online ,Grocery,346.84,0
977736262,Blue,245,1,101,2025-06-08,Week-23,Q2,2025,6741,1556,1682,79,0.584,Online ,Grocery,120.12,0
998748972,Blue,345,1,90,2024-05-12,Week-19,Q2,2024,34516,1733,4349,26,0.391,Online ,Entertainment,717.24,0
972772208,Blue,425,1,167,2024-07-28,Week-30,Q3,2024,34516,980,1111,81,0.11,Swipe ,Grocery,1235.79,1
908181586,Blue,125,1,93,2025-02-23,Week-8,Q1,2025,3210,987,4641,61,0.895,Swipe ,Fuel,265.65,0
942091325,Blue,300,1,103,2025-07-27,Week-30,Q3,2025,5139,1349,14542,36,0.035,Online ,Food,184.8,0
907672593,Silver,200,1,80,2024-08-18,Week-33,Q3,2024,24396,760,15785,52,0.863,Chip ,Grocery,379.84,0
906729990,Blue,250,0,102,2025-02-16,Week-7,Q1,2025,4589,0,14826,89,0.36,Chip ,Food,919.8,0
978406989,Blue,390,1,108,2024-08-18,Week-33,Q3,2024,20783,0,3625,55,0.639,Swipe ,Entertainment,1105.48,0
963993471,Blue,365,1,106,2025-08-24,Week-34,Q3,2025,2973,2248,3785,124,0.922,Online ,Bills,810.8,0
967491435,Blue,375,1,71,2024-01-14,Week-2,Q1,2024,7139,0,3503,84,0.152,Online ,Travel,236.98,0
971286543,Blue,355,0,84,2025-12-21,Week-51,Q4,2025,6347,2461,4397,75,0.567,Swipe ,Travel,578.07,0
921130263,Blue,270,1,170,2025-02-23,Week-8,Q1,2025,3745,0,1424,81,0.764,Chip ,Fuel,261.4,0
907634247,Blue,295,1,106,2024-09-15,Week-37,Q3,2024,9502,1746,4624,118,0.758,Swipe ,Entertainment,501.67,0
968159587,Blue,125,1,150,2025-08-31,Week-35,Q3,2025,1438.3,0,3948,41,0.526,Swipe ,Entertainment,1111.24,0
910752378,Blue,150,1,113,2025-05-04,Week-18,Q2,2025,30997,1618,4186,17,0.625,Online ,Entertainment,172.77,0
924941004,Blue,125,1,137,2024-05-26,Week-21,Q2,2024,1753,813,5004,41,0.758,Swipe ,Travel,434.7,0
909196777,Blue,175,1,75,2024-03-10,Week-10,Q1,2024,5608,0,1704,87,0.841,Chip ,Grocery,766.53,0
979864260,Blue,395,0,90,2025-02-02,Week-5,Q1,2025,1438.3,1779,15763,85,0.762,Swipe ,Travel,1144.8,0
909121552,Blue,125,1,134,2024-11-10,Week-45,Q4,2024,18038,1338,3866,70,0.354,Online ,Travel,850.5,0
990625494,Blue,125,0,68,2025-06-15,Week-24,Q2,2025,2699,0,2196,66,0.997,Chip ,Travel,2342.56,1
931568532,Blue,125,1,82,2024-09-29,Week-39,Q3,2024,2346,1175,1364,36,0.435,Online ,Grocery,512.71,0
954193837,Blue,295,0,82,2025-07-27,Week-30,Q3,2025,17603,0,2225,28,0.024,Swipe ,Bills,265.1,0
916090908,Blue,175,1,95,2025-01-19,Week-3,Q1,2025,4668,0,4042,93,0.363,Swipe ,Fuel,753.95,0
976460539,Blue,410,0,100,2025-09-14,Week-37,Q3,2025,2490,2517,1972,57,0.128,Swipe ,Bills,1156.08,0
933046464,Blue,150,1,72,2024-08-18,Week-33,Q3,2024,3429,1870,2006,68,0.121,Online ,Bills,305.36,1
977701200,Blue,175,0,102,2025-02-16,Week-7,Q1,2025,34516,1585,3592,91,0.282,Swipe ,Travel,167.3,0
979795010,Blue,320,1,47,2024-09-29,Week-39,Q3,2024,21526,1355,2077,45,0.053,Chip ,Bills,791.92,0
905334035,Blue,450,1,101,2024-06-30,Week-26,Q2,2024,8688,0,2336,76,0.689,Chip ,Travel,293.82,0
983131979,Blue,200,0,83,2024-12-15,Week-50,Q4,2024,5822,0,4635,68,0.074,Online ,Travel,707.37,0
911003626,Blue,355,1,93,2025-03-09,Week-10,Q1,2025,12397,1281,3547,41,0.203,Online ,Fuel,413.54,0
956267415,Blue,495,1,49,2024-04-07,Week-14,Q2,2024,2577,2378,4388,61,0.093,Online ,Entertainment,1017.12,0
988231132,Blue,140,0,103,2024-08-04,Week-31,Q3,2024,2334,989,2574,24,0.063,Swipe ,Travel,625.68,0
978339168,Blue,325,0,114,2024-12-08,Week-49,Q4,2024,4262,1732,15508,35,0.268,Chip ,Bills,488.62,0
975863473,Blue,475,1,100,2025-06-01,Week-22,Q2,2025,3312,0,14261,44,0.572,Chip ,Fuel,3537.6,0
970166708,Blue,375,0,116,2024-11-17,Week-46,Q4,2024,8396,1247,4279,105,0.965,Chip ,Food,392.52,0
942462441,Blue,465,0,79,2025-06-01,Week-22,Q2,2025,16127,730,4041,90,0.876,Online ,Food,265.85,0
934999379,Blue,125,1,51,2024-09-22,Week-38,Q3,2024,2182,1324,741,85,0.876,Online ,Food,534.72,0
927415205,Blue,325,1,109,2025-09-21,Week-38,Q3,2025,7660,1434,4014,80,0.176,Swipe ,Bills,597.36,0
989889098,Blue,280,1,112,2024-09-22,Week-38,Q3,2024,2189,1272,1527,42,0.265,Online ,Entertainment,92.52,0
996125636,Blue,95,0,92,2024-01-21,Week-3,Q1,2024,1693,1679,4208,90,0.076,Chip ,Grocery,302.26,1
942169044,Blue,150,1,81,2025-08-17,Week-33,Q3,2025,8793,1686,4071,74,0.778,Swipe ,Entertainment,1724.31,0
932035886,Blue,420,1,40,2024-12-22,Week-51,Q4,2024,6366,1818,15508,59,0.07,Online ,Fuel,367.84,0
935650176,Blue,125,1,45,2024-09-08,Week-36,Q3,2024,14265,715,4797,65,0.557,Online ,Entertainment,330.5,0
953121477,Blue,400,0,119,2024-01-14,Week-2,Q1,2024,2468,1904,3481,77,0.248,Chip ,Food,2141.1,0
917566185,Blue,460,1,110,2025-05-25,Week-21,Q2,2025,2586,1164,1126,73,0.243,Swipe ,Entertainment,398,0
990152735,Blue,340,1,114,2025-09-07,Week-36,Q3,2025,24869,0,4830,82,0.991,Online ,Fuel,1079.32,0
986637649,Blue,250,1,128,2025-11-30,Week-48,Q4,2025,1527,0,5255,35,0.757,Online ,Fuel,854.24,0
940264926,Blue,295,1,114,2025-11-02,Week-44,Q4,2025,3399,848,2398,45,0.837,Swipe ,Food,659.75,0
961367643,Blue,125,1,98,2024-02-18,Week-7,Q1,2024,4066,159,3539,62,0.572,Swipe ,Bills,498.6,0
942436584,Blue,395,0,111,2025-06-29,Week-26,Q2,2025,1614,1984,3677,28,0.871,Online ,Travel,327.88,1
909736572,Blue,430,1,51,2025-11-02,Week-44,Q4,2025,10111,2120,4419,29,0.645,Online ,Grocery,560.05,0
901250299,Blue,150,1,129,2025-03-23,Week-12,Q1,2025,5858,1337,4376,84,0.946,Chip ,Grocery,1097.8,0
961510041,Blue,390,1,135,2024-09-15,Week-37,Q3,2024,1605,1840,4132,26,0.281,Swipe ,Food,943.25,0
983370583,Blue,330,1,92,2025-11-30,Week-48,Q4,2025,30543,2310,3756,66,0.595,Online ,Grocery,4000.36,1
975563727,Blue,300,0,92,2025-12-21,Week-51,Q4,2025,24159,2209,3910,47,0.69,Online ,Entertainment,1243.48,1
913419256,Gold,150,1,103,2024-07-28,Week-30,Q3,2024,6674,2165,4680,79,0.393,Online ,Fuel,200.64,0
909832887,Blue,345,1,79,2025-06-29,Week-26,Q2,2025,5260,1767,5097,53,0.88,Online ,Fuel,264.24,1
972160068,Blue,335,1,108,2025-12-21,Week-51,Q4,2025,2483,1480,1208,104,0.98,Chip ,Food,290.94,1
928609087,Blue,495,1,125,2024-11-17,Week-46,Q4,2024,3547,0,2477,28,0.494,Swipe ,Fuel,499,0
967898694,Blue,415,1,68,2024-07-21,Week-29,Q3,2024,15904,0,3161,73,0.391,Online ,Travel,184.96,0
935594597,Blue,250,0,119,2025-07-27,Week-30,Q3,2025,24239,1499,9202,75,0.472,Swipe ,Fuel,281.88,0
917778019,Blue,250,1,81,2024-06-23,Week-25,Q2,2024,12978,1655,2340,54,0.853,Swipe ,Fuel,706.56,0
946843172,Blue,245,1,49,2025-07-13,Week-28,Q3,2025,2644,2077,2653,70,0.645,Online ,Entertainment,769.93,0
909233013,Blue,200,1,164,2024-08-18,Week-33,Q3,2024,10195,1424,3887,38,0.045,Online ,Bills,318.43,0
932787299,Blue,275,0,73,2025-08-31,Week-35,Q3,2025,2149,2263,4528,56,0.542,Online ,Grocery,533.52,0
949597086,Silver,100,1,131,2025-11-09,Week-45,Q4,2025,2884,1915,2605,65,0.017,Chip ,Entertainment,2792.52,0
938250360,Blue,250,1,84,2025-10-12,Week-41,Q4,2025,34516,1189,1813,90,0.779,Online ,Entertainment,323.04,1
921172421,Blue,250,0,144,2025-11-23,Week-47,Q4,2025,1438.3,2035,2648,74,0.328,Swipe ,Entertainment,532.35,0
958812137,Blue,100,1,94,2025-08-17,Week-33,Q3,2025,1545,1617,4744,78,0.472,Swipe ,Grocery,117.13,0
972909480,Blue,425,1,91,2025-09-07,Week-36,Q3,2025,5884,2517,3856,70,0.799,Chip ,Food,437.04,0
994427530,Blue,245,1,142,2024-05-05,Week-18,Q2,2024,1438.3,0,1323,51,0.046,Online ,Entertainment,329.6,0
940603163,Blue,455,1,118,2025-07-20,Week-29,Q3,2025,4557,1627,5023,89,0.159,Online ,Bills,520.52,0
982097999,Blue,300,1,47,2024-03-31,Week-13,Q1,2024,1788,1775,1409,60,0.398,Chip ,Food,628.83,0
987775215,Silver,340,1,155,2025-07-20,Week-29,Q3,2025,34516,0,3939,29,0.23,Chip ,Fuel,551.04,0
970993218,Blue,290,1,83,2025-08-03,Week-31,Q3,2025,17925,0,3899,37,0.338,Online ,Bills,415.68,0
901049999,Blue,430,1,76,2024-02-11,Week-6,Q1,2024,3795,1673,5371,63,0.998,Online ,Food,75.6,0
989639081,Gold,390,0,71,2024-10-06,Week-40,Q4,2024,34516,2362,3730,89,0.825,Swipe ,Fuel,878.25,0
974437458,Blue,150,1,81,2025-12-07,Week-49,Q4,2025,22074,0,8888,52,0.884,Online ,Fuel,789.82,1
940181935,Blue,275,1,73,2025-02-02,Week-5,Q1,2025,2430,1995,4448,108,0.937,Online ,Entertainment,550,0
989038526,Blue,365,1,95,2024-02-04,Week-5,Q1,2024,16349,771,13117,84,0.341,Swipe ,Entertainment,1359.45,0
913903144,Blue,250,0,90,2025-06-08,Week-23,Q2,2025,11905,0,4296,44,0.297,Swipe ,Grocery,593.88,0
918024248,Silver,285,0,163,2024-11-24,Week-47,Q4,2024,12535,1965,7168,43,0.234,Swipe ,Travel,313.92,0
935496015,Blue,200,1,143,2025-10-19,Week-42,Q4,2025,4786,0,2639,69,0.83,Swipe ,Bills,233.24,0
915492573,Blue,455,1,117,2024-04-28,Week-17,Q2,2024,4860,0,13769,79,0.68,Chip ,Grocery,316.26,0
914366125,Blue,435,1,97,2024-03-24,Week-12,Q1,2024,7979,2250,8363,72,0.236,Swipe ,Grocery,959.28,0
999645480,Blue,410,1,111,2024-09-22,Week-38,Q3,2024,15043,2517,4573,77,0.377,Chip ,Bills,315.7,0
974252420,Blue,285,1,96,2024-10-20,Week-42,Q4,2024,26303,2061,1638,34,0.507,Swipe ,Food,403.88,0
920863865,Blue,355,1,104,2025-11-02,Week-44,Q4,2025,2783,930,4756,79,0.528,Swipe ,Bills,1857.68,0
936553958,Silver,450,0,72,2025-01-12,Week-2,Q1,2025,13483,827,3621,69,0.889,Swipe ,Fuel,304.32,0
937816686,Blue,365,1,136,2024-06-09,Week-23,Q2,2024,1438.3,1480,2316,39,0.381,Online ,Travel,2759.13,0
981178885,Blue,460,1,97,2024-06-30,Week-26,Q2,2024,5611,1270,4462,84,0.909,Chip ,Food,1116.45,0
928270233,Blue,300,1,111,2024-04-28,Week-17,Q2,2024,1757,1411,14334,26,0.441,Swipe ,Entertainment,3843.76,0
996316277,Blue,175,1,102,2025-12-07,Week-49,Q4,2025,3413,2156,8672,68,0.746,Online ,Travel,422.4,1
946020613,Blue,225,1,133,2025-05-04,Week-18,Q2,2025,15987,1580,2445,105,0.93,Chip ,Travel,276.72,0
927326368,Blue,125,1,118,2024-11-24,Week-47,Q4,2024,2295,1597,3042,24,0.908,Chip ,Entertainment,654.21,0
992274302,Blue,175,1,66,2025-04-20,Week-16,Q2,2025,5471,0,3738,74,0.057,Online ,Travel,131.88,0
985125977,Blue,150,1,106,2025-03-30,Week-13,Q1,2025,8249,593,1223,52,0.206,Chip ,Food,1094.4,0
935431319,Blue,300,1,126,2024-09-01,Week-35,Q3,2024,10007,2481,3636,80,0.477,Online ,Food,2607.46,0
967834855,Blue,125,0,63,2024-06-02,Week-22,Q2,2024,34516,0,3073,74,0.432,Swipe ,Food,437.45,0
965569635,Blue,200,0,120,2024-08-18,Week-33,Q3,2024,14831,2014,4456,82,0.641,Online ,Grocery,536.55,0
933704923,Blue,405,1,81,2025-03-09,Week-10,Q1,2025,3761,1759,9451,89,0.945,Chip ,Grocery,495.75,0
906818112,Blue,270,0,62,2025-12-28,Week-52,Q4,2025,3735,775,4157,45,0.112,Chip ,Food,439.11,0
912388090,Blue,100,0,120,2024-09-22,Week-38,Q3,2024,16138,2186,3320,83,0.452,Swipe ,Entertainment,1407.37,1
985132217,Blue,485,1,47,2025-11-02,Week-44,Q4,2025,1451,1848,8007,64,0.192,Online ,Entertainment,1931.85,0
956851377,Blue,345,1,115,2024-11-03,Week-44,Q4,2024,21590,1235,1534,61,0.894,Swipe ,Bills,439.65,0
937135391,Blue,470,1,82,2025-12-21,Week-51,Q4,2025,34516,931,8607,71,0.965,Online ,Bills,1156.68,0
905917225,Blue,245,1,46,2024-04-14,Week-15,Q2,2024,3133,0,2284,45,0.479,Online ,Food,536.04,0
900475894,Blue,350,1,103,2025-02-23,Week-8,Q1,2025,25790,0,1604,61,0.104,Online ,Travel,234.08,0
944769200,Blue,415,0,93,2024-03-10,Week-10,Q1,2024,17304,1678,9314,83,0.785,Swipe ,Travel,266,0
917558317,Blue,395,1,100,2024-05-12,Week-19,Q2,2024,2158,960,1576,74,0.697,Swipe ,Entertainment,954.2,1
985511909,Blue,300,1,93,2025-11-09,Week-45,Q4,2025,4132,1777,1485,40,0.355,Chip ,Travel,373.05,0
935159040,Blue,150,1,108,2024-07-21,Week-29,Q3,2024,5042,1525,7507,71,0.887,Swipe ,Fuel,387.9,0
921687165,Blue,150,1,99,2025-08-31,Week-35,Q3,2025,4500,632,1112,70,0.976,Online ,Grocery,4430.33,1
999486328,Blue,475,1,107,2025-10-12,Week-41,Q4,2025,1438.3,1073,1786,72,0.558,Online ,Travel,309.04,0
959302158,Blue,140,1,102,2025-08-31,Week-35,Q3,2025,27781,0,4583,55,0.566,Online ,Travel,435.33,0
974045292,Silver,365,0,83,2024-12-22,Week-51,Q4,2024,1707,1300,4069,91,0.298,Swipe ,Bills,345.78,0
994713081,Blue,270,1,124,2025-12-21,Week-51,Q4,2025,3187,0,2336,76,0.585,Chip ,Fuel,306.06,0
957403166,Blue,245,1,68,2025-05-18,Week-20,Q2,2025,34516,1562,4234,62,0.44,Swipe ,Travel,382.8,0
975283645,Blue,445,1,51,2024-11-24,Week-47,Q4,2024,11710,1524,1512,31,0.302,Chip ,Grocery,243.18,0
901297845,Blue,325,1,81,2024-03-24,Week-12,Q1,2024,4288,2129,1234,79,0.067,Swipe ,Travel,2359.56,1
915015458,Gold,290,0,44,2025-12-14,Week-50,Q4,2025,19000,2517,4439,24,0.253,Online ,Entertainment,137.76,0
910099059,Blue,125,1,110,2024-12-22,Week-51,Q4,2024,4349,0,1726,67,0.198,Chip ,Fuel,538.2,0
992747083,Blue,125,1,85,2024-01-14,Week-2,Q1,2024,8656,1303,8327,69,0.542,Swipe ,Travel,1266.14,0
920005727,Silver,465,1,77,2024-08-25,Week-34,Q3,2024,18591,0,13247,56,0.602,Online ,Fuel,695.1,0
973227889,Blue,125,0,102,2025-04-27,Week-17,Q2,2025,5630,1439,2702,110,0.609,Chip ,Travel,238.2,0
904835614,Blue,485,1,81,2024-04-21,Week-16,Q2,2024,5497,1019,4970,59,0.388,Chip ,Grocery,1067.85,0
949555330,Blue,400,1,58,2025-02-16,Week-7,Q1,2025,9959,1103,1774,36,0.421,Online ,Grocery,1094.31,0
978183110,Blue,300,1,41,2024-12-01,Week-48,Q4,2024,4553,0,4518,34,0.834,Online ,Fuel,467.82,0
974158663,Blue,430,1,131,2025-08-31,Week-35,Q3,2025,9863,2084,3967,62,0.476,Swipe ,Food,184.59,1
919876811,Blue,325,1,90,2025-11-02,Week-44,Q4,2025,4076,0,1651,76,0.988,Swipe ,Bills,528.36,1
957684996,Blue,110,1,98,2025-08-31,Week-35,Q3,2025,2707,1533,8210,34,0.44,Online ,Bills,746.58,0
917105448,Blue,385,1,85,2024-08-25,Week-34,Q3,2024,3343,1594,4863,40,0.65,Swipe ,Entertainment,394.8,0
905614174,Blue,175,1,48,2025-06-08,Week-23,Q2,2025,2265,2290,7688,71,0.05,Online ,Food,311.35,0
941373735,Blue,320,1,67,2024-12-08,Week-49,Q4,2024,1976,1148,3774,82,0.653,Online ,Bills,844.9,0
948942697,Blue,125,1,91,2025-07-27,Week-30,Q3,2025,3069,0,1022,45,0.851,Swipe ,Fuel,108.72,1
905354599,Blue,150,1,94,2024-12-01,Week-48,Q4,2024,7744,1190,3607,124,0.942,Swipe ,Bills,512.98,0
948024342,Blue,150,1,62,2024-04-07,Week-14,Q2,2024,7571,2517,3866,73,0.997,Chip ,Entertainment,723.52,0
928195995,Blue,380,1,152,2025-08-31,Week-35,Q3,2025,2876,1726,3880,60,0.282,Chip ,Travel,491.8,0
991545441,Blue,350,1,79,2024-07-28,Week-30,Q3,2024,5905,777,4794,74,0.575,Swipe ,Bills,375,0
933491314,Blue,225,1,91,2025-03-02,Week-9,Q1,2025,4878,1569,1347,75,0.451,Swipe ,Fuel,939.4,0
989514287,Blue,280,1,74,2024-01-28,Week-4,Q1,2024,4189,0,2953,90,0.564,Swipe ,Fuel,873.29,0
913796726,Blue,200,0,59,2025-07-13,Week-28,Q3,2025,6188,2517,2962,81,0.157,Chip ,Entertainment,456.03,1
947469942,Blue,125,0,53,2025-05-18,Week-20,Q2,2025,19995,1039,3569,76,0.856,Swipe ,Entertainment,775.71,0
975146293,Blue,125,1,77,2024-10-20,Week-42,Q4,2024,5015,0,4150,111,0.91,Chip ,Grocery,337.35,0
954543049,Blue,495,0,111,2025-07-06,Week-27,Q3,2025,4259,1816,1217,71,0.45,Chip ,Grocery,947.38,0
983303777,Blue,345,1,99,2024-07-21,Week-29,Q3,2024,3003,756,1544,72,0.28,Chip ,Grocery,1454.86,0
920743797,Blue,150,0,62,2025-08-03,Week-31,Q3,2025,33184,2253,4469,124,0.141,Chip ,Travel,196.02,0
931774346,Blue,465,0,100,2024-03-03,Week-9,Q1,2024,6231,1395,8600,34,0.684,Online ,Fuel,422.24,0
921810617,Blue,485,0,80,2025-07-27,Week-30,Q3,2025,4762,1608,4205,87,0.312,Swipe ,Grocery,944.46,1
923763566,Blue,245,1,83,2025-02-23,Week-8,Q1,2025,4049,995,2847,70,0.91,Swipe ,Fuel,332.88,0
955337219,Blue,455,1,73,2025-09-21,Week-38,Q3,2025,1438.3,0,1267,64,0.671,Online ,Entertainment,2816.94,0
903326769,Blue,475,0,74,2024-09-29,Week-39,Q3,2024,4382,1412,2249,53,0.646,Swipe ,Travel,161.34,0
924073380,Blue,300,1,76,2025-08-10,Week-32,Q3,2025,1636,0,15869,71,0.559,Chip ,Entertainment,307.72,0
998860009,Blue,100,1,82,2025-01-05,Week-1,Q1,2025,9274,998,992,15,0.046,Online ,Fuel,551.4,0
944585178,Blue,100,1,106,2024-04-14,Week-15,Q2,2024,2895,1713,2056,89,0.932,Chip ,Food,893.28,0
955259205,Blue,370,1,104,2024-05-05,Week-18,Q2,2024,34516,1805,4905,27,0.628,Online ,Food,2258.7,0
989913412,Blue,330,0,124,2024-02-11,Week-6,Q1,2024,14746,216,1265,34,0.994,Chip ,Grocery,481.3,0
998657752,Blue,150,1,68,2024-02-04,Week-5,Q1,2024,1438.3,1835,2557,28,0.537,Swipe ,Food,669.07,0
933308443,Blue,280,0,41,2024-09-29,Week-39,Q3,2024,18295,1301,2598,74,0.71,Swipe ,Entertainment,1094.08,0
935810056,Blue,190,1,74,2025-03-23,Week-12,Q1,2025,28262,0,3703,80,0.056,Swipe ,Food,803,0
921367172,Blue,125,0,119,2024-04-14,Week-15,Q2,2024,1438.3,1851,16392,67,0.632,Online ,Bills,918.4,0
994123965,Blue,275,1,92,2024-03-31,Week-13,Q1,2024,34516,2001,5232,83,0.765,Swipe ,Travel,934.04,0
914508349,Blue,285,1,114,2024-08-04,Week-31,Q3,2024,4260,1232,4704,29,0.779,Online ,Fuel,337.92,0
951343880,Blue,335,0,114,2025-04-27,Week-17,Q2,2025,1936,1015,4333,69,0.77,Chip ,Grocery,423.68,0
905197528,Blue,250,1,114,2024-05-05,Week-18,Q2,2024,5988,1761,3795,67,0.226,Swipe ,Entertainment,3215.52,0
963174945,Blue,320,1,82,2024-12-15,Week-50,Q4,2024,8475,968,1959,38,0.975,Chip ,Travel,312.96,1
929854548,Blue,425,1,100,2025-02-16,Week-7,Q1,2025,6218,1476,1909,19,0.995,Swipe ,Grocery,189.28,0
926786211,Blue,300,1,117,2024-12-01,Week-48,Q4,2024,3143,0,3178,72,0.076,Chip ,Entertainment,268.66,0
961780854,Blue,270,0,98,2025-08-24,Week-34,Q3,2025,1478,1869,1597,43,0.936,Online ,Food,933.12,0
946930359,Blue,150,1,96,2025-11-02,Week-44,Q4,2025,1493,1809,8186,45,0.289,Swipe ,Fuel,4214.8,0
940962024,Blue,125,1,76,2025-09-21,Week-38,Q3,2025,12810,660,4624,69,0.689,Online ,Bills,1845.2,0
930547349,Blue,385,1,95,2025-05-04,Week-18,Q2,2025,2187,1869,1969,124,0.338,Online ,Bills,1382.72,0
929920292,Blue,425,1,85,2025-01-12,Week-2,Q1,2025,3520,1168,4311,65,0.968,Chip ,Food,111.3,1
903176186,Blue,465,1,90,2025-06-15,Week-24,Q2,2025,20237,681,2917,64,0.102,Swipe ,Fuel,965.01,0
988588154,Blue,410,1,116,2025-11-02,Week-44,Q4,2025,2549,2245,1413,38,0.498,Online ,Travel,433.62,0
925921441,Silver,195,1,164,2025-10-19,Week-42,Q4,2025,4327,1748,4183,82,0.428,Chip ,Fuel,818.07,0
953481198,Blue,175,1,118,2024-05-19,Week-20,Q2,2024,1438.3,0,4561,59,0.326,Chip ,Food,134.28,0
944058573,Blue,225,1,104,2025-01-12,Week-2,Q1,2025,3705,2415,7667,48,0.646,Chip ,Entertainment,357.65,0
937393469,Blue,395,1,76,2025-08-10,Week-32,Q3,2025,1803,1682,2153,31,0.131,Swipe ,Travel,533.06,1
909317495,Gold,95,0,117,2024-03-31,Week-13,Q1,2024,2476,837,2456,41,0.717,Swipe ,Bills,330.5,1
937463522,Blue,335,1,66,2025-03-16,Week-11,Q1,2025,23742,1343,15751,40,0.981,Chip ,Food,1581.3,0
947130035,Blue,250,0,109,2025-07-06,Week-27,Q3,2025,1438.3,1584,1637,87,0.805,Swipe ,Entertainment,154.56,0
986098221,Blue,420,1,90,2025-01-05,Week-1,Q1,2025,4133,0,4250,57,0.86,Chip ,Food,546.84,0
968371272,Blue,300,1,91,2024-09-08,Week-36,Q3,2024,4214,1977,2066,59,0.36,Swipe ,Grocery,894,0
953643924,Blue,270,1,96,2024-02-04,Week-5,Q1,2024,2305,1522,4066,44,0.325,Swipe ,Grocery,562.35,1
991203377,Blue,360,1,161,2025-09-14,Week-37,Q3,2025,19762,1249,1338,30,0.517,Chip ,Grocery,239.58,0
971969657,Blue,100,1,96,2024-12-01,Week-48,Q4,2024,1630,2499,2617,34,0.046,Chip ,Bills,964.7,0
944446182,Blue,225,1,70,2024-07-14,Week-28,Q3,2024,2069,1289,4697,73,0.945,Swipe ,Fuel,235.68,0
903704481,Blue,475,1,101,2025-02-02,Week-5,Q1,2025,34516,1843,1348,88,0.144,Chip ,Travel,922.26,0
915480907,Blue,445,1,109,2025-02-02,Week-5,Q1,2025,1678,0,4495,27,0.903,Chip ,Bills,435.54,0
935059710,Blue,140,1,82,2024-08-04,Week-31,Q3,2024,1848,1478,8360,50,0.084,Chip ,Entertainment,790.02,0
923966966,Blue,300,1,87,2024-11-24,Week-47,Q4,2024,3126,1407,2262,90,0.823,Chip ,Entertainment,514.08,0
977925434,Blue,345,1,109,2024-03-31,Week-13,Q1,2024,7350,1968,4240,70,0.152,Swipe ,Grocery,1261.12,0
935630292,Blue,285,0,119,2025-09-07,Week-36,Q3,2025,23996,1686,4443,30,0.038,Online ,Travel,671.75,0
905134794,Blue,250,1,97,2024-12-01,Week-48,Q4,2024,3136,0,4038,72,0.719,Swipe ,Grocery,1157.04,0
914549543,Blue,245,0,91,2025-05-04,Week-18,Q2,2025,11419,0,2751,26,0.28,Chip ,Entertainment,488,0
980070438,Blue,465,1,91,2025-08-03,Week-31,Q3,2025,3995,1670,3784,89,0.714,Chip ,Entertainment,720.12,0
958326160,Blue,405,1,120,2024-11-17,Week-46,Q4,2024,4026,1464,1451,63,0.555,Swipe ,Fuel,261.4,0
946397338,Blue,465,1,108,2024-02-25,Week-8,Q1,2024,2433,2018,3972,94,0.109,Chip ,Fuel,997,0
997783662,Blue,200,1,79,2024-12-22,Week-51,Q4,2024,7151,0,797,82,0.932,Swipe ,Fuel,334.32,0
942101056,Blue,245,1,120,2024-09-08,Week-36,Q3,2024,8624,0,5102,89,0.452,Online ,Grocery,3836.84,0
958571795,Blue,175,1,114,2024-06-23,Week-25,Q2,2024,3312,0,4751,85,0.734,Chip ,Food,591.5,0
981363974,Blue,395,1,128,2024-04-21,Week-16,Q2,2024,3061,1695,4505,51,0.501,Online ,Travel,305.63,0
968642041,Blue,430,1,76,2025-02-16,Week-7,Q1,2025,7023,1128,14830,49,0.604,Online ,Fuel,845.28,0
915521714,Blue,325,1,102,2024-03-24,Week-12,Q1,2024,2952,745,1170,33,0.303,Chip ,Bills,1794.6,0
951700055,Blue,300,0,110,2025-08-17,Week-33,Q3,2025,3396,2517,1971,82,0.2,Chip ,Fuel,201.6,0
977388337,Blue,245,1,120,2024-07-14,Week-28,Q3,2024,16983,1211,1256,49,0.543,Swipe ,Grocery,512.64,0
925511941,Blue,100,1,80,2025-08-03,Week-31,Q3,2025,32938,1569,15367,74,0.44,Swipe ,Travel,690.08,1
934188276,Blue,245,0,98,2025-07-27,Week-30,Q3,2025,13384,1335,4747,90,0.39,Chip ,Fuel,179.06,0
905957459,Blue,345,1,102,2025-06-22,Week-25,Q2,2025,5967,1115,1541,125,0.673,Swipe ,Travel,1094.99,0
995131550,Blue,380,1,103,2024-01-21,Week-3,Q1,2024,9215,1593,2717,49,0.691,Online ,Bills,299.6,0
958526649,Blue,150,0,111,2024-02-18,Week-7,Q1,2024,2243,621,3742,45,0.046,Online ,Entertainment,1192.59,1
900226999,Blue,195,0,106,2025-12-07,Week-49,Q4,2025,1857,703,3337,65,0.339,Chip ,Travel,297.66,1
969782527,Blue,275,1,78,2024-10-27,Week-43,Q4,2024,2922,2517,4040,109,0.412,Swipe ,Food,474.76,1
972269803,Blue,300,1,94,2024-08-11,Week-32,Q3,2024,34516,2446,4717,64,0.097,Chip ,Fuel,1276.02,0
992188405,Blue,95,1,98,2024-04-28,Week-17,Q2,2024,14308,1864,3164,50,0.236,Online ,Grocery,462.2,0
996560259,Blue,245,0,110,2025-12-07,Week-49,Q4,2025,5330,2461,1352,85,0.052,Chip ,Food,327.6,0
999582853,Blue,225,0,103,2025-05-25,Week-21,Q2,2025,2346,1288,1846,64,0.996,Chip ,Food,808.2,0
998923524,Blue,125,1,76,2024-07-07,Week-27,Q3,2024,4147,1259,1642,75,0.737,Chip ,Grocery,488.02,0
990010234,Blue,420,1,93,2024-03-03,Week-9,Q1,2024,7970,941,2467,15,0.087,Chip ,Grocery,346.4,0
926445607,Blue,330,1,102,2025-11-16,Week-46,Q4,2025,2950,1638,1592,58,0.02,Online ,Grocery,904.2,0
948884978,Gold,350,1,105,2025-05-11,Week-19,Q2,2025,3304,2221,7307,30,0.719,Chip ,Food,444.96,0
957887757,Blue,195,0,118,2024-07-07,Week-27,Q3,2024,2255,2115,2474,72,0.439,Chip ,Travel,121.2,0
909391725,Gold,125,1,125,2025-06-15,Week-24,Q2,2025,10747,1151,7677,127,0.787,Swipe ,Grocery,624.6,0
989152472,Blue,245,1,108,2024-07-14,Week-28,Q3,2024,7077,1328,3863,22,0.923,Chip ,Entertainment,1164.24,0
944318698,Blue,125,1,41,2024-07-28,Week-30,Q3,2024,1986,0,5089,72,0.599,Swipe ,Food,351.99,0
983638503,Blue,325,1,49,2024-10-27,Week-43,Q4,2024,2112,0,3779,82,0.187,Chip ,Food,1148.68,0
942133044,Blue,290,1,91,2025-11-30,Week-48,Q4,2025,2851,2353,4348,38,0.782,Swipe ,Food,498.41,0
989038359,Silver,125,0,99,2024-05-12,Week-19,Q2,2024,5031,0,8037,82,0.956,Chip ,Bills,764.16,1
916726926,Blue,140,1,98,2025-12-07,Week-49,Q4,2025,14566,1483,4338,35,0.58,Swipe ,Travel,174.35,0
996603781,Blue,360,1,85,2025-06-22,Week-25,Q2,2025,13735,0,4141,40,0.682,Chip ,Travel,459.58,1
940308572,Gold,195,1,82,2024-01-07,Week-1,Q1,2024,2240,1219,1131,47,0.337,Chip ,Grocery,173.94,0
968064830,Blue,490,1,89,2024-09-08,Week-36,Q3,2024,2946,1380,4647,33,0.382,Swipe ,Food,232.6,0
941511484,Blue,175,1,92,2024-05-12,Week-19,Q2,2024,2203,0,4897,112,0.735,Chip ,Food,268.64,0
989508850,Blue,435,1,156,2024-04-28,Week-17,Q2,2024,4178,1946,2279,85,0.928,Chip ,Grocery,850.06,0
954813568,Blue,200,0,47,2025-05-04,Week-18,Q2,2025,7272,1010,7772,91,0.629,Chip ,Travel,419.94,0
943779528,Blue,355,1,105,2024-08-18,Week-33,Q3,2024,10607,2517,4556,72,0.79,Chip ,Grocery,926.1,0
954009265,Blue,200,1,46,2025-12-21,Week-51,Q4,2025,1975,796,3968,81,0.172,Online ,Grocery,440.1,1
993577729,Blue,425,1,64,2024-06-09,Week-23,Q2,2024,12254,1372,7586,36,0.212,Chip ,Grocery,641.68,1
939682169,Blue,455,1,113,2024-04-14,Week-15,Q2,2024,19324,0,4146,67,0.532,Online ,Grocery,203.6,1
974411983,Blue,150,0,136,2025-08-17,Week-33,Q3,2025,5667,993,1980,31,0.177,Online ,Grocery,342.72,1
917084279,Silver,485,1,101,2024-01-28,Week-4,Q1,2024,5795,0,3948,117,0.635,Chip ,Fuel,371.84,0
925748341,Blue,355,1,89,2024-04-28,Week-17,Q2,2024,2984,585,8074,64,0.292,Swipe ,Fuel,348.48,0
956431351,Blue,225,1,77,2024-01-14,Week-2,Q1,2024,3714,2517,4388,45,0.792,Swipe ,Food,483,0
989245317,Blue,150,1,102,2024-11-17,Week-46,Q4,2024,2137,0,3982,49,0.808,Chip ,Food,645.84,0
950888017,Blue,355,1,103,2025-12-14,Week-50,Q4,2025,2772,986,4125,39,0.464,Online ,Fuel,3602.06,0
990908075,Blue,280,1,74,2025-12-07,Week-49,Q4,2025,22226,842,8123,66,0.181,Swipe ,Travel,926.82,1
923357554,Blue,175,1,105,2024-08-04,Week-31,Q3,2024,7116,0,4176,27,0.647,Chip ,Bills,195.18,0
982613013,Blue,385,1,103,2025-06-15,Week-24,Q2,2025,2992,0,4272,70,0.993,Chip ,Travel,303.1,0
976384014,Blue,250,1,124,2024-10-20,Week-42,Q4,2024,3088,1758,15691,61,0.623,Online ,Food,3416.6,0
940392808,Blue,200,1,100,2024-01-21,Week-3,Q1,2024,3304,1784,2805,77,0.036,Swipe ,Fuel,568.4,0
954502486,Blue,140,1,102,2024-06-09,Week-23,Q2,2024,2464,848,4193,40,0.017,Chip ,Travel,344.7,0
973542887,Blue,370,1,101,2024-08-25,Week-34,Q3,2024,5666,0,3396,67,0.32,Swipe ,Bills,377.92,1
900054484,Blue,425,1,147,2024-02-18,Week-7,Q1,2024,30543,0,4279,86,0.196,Chip ,Grocery,1391.88,1
940785405,Blue,320,0,116,2024-04-28,Week-17,Q2,2024,3591,2517,4932,68,0.813,Chip ,Entertainment,474.76,0
938508907,Blue,410,1,118,2025-10-26,Week-43,Q4,2025,1606,850,2261,70,0.845,Chip ,Fuel,427.32,0
928210242,Gold,320,1,110,2025-01-12,Week-2,Q1,2025,17887,1502,16730,98,0.259,Online ,Fuel,377.9,0
957698610,Blue,150,1,42,2025-04-20,Week-16,Q2,2025,16191,1865,2128,75,0.326,Online ,Bills,293.75,0
977844239,Blue,285,1,103,2024-04-14,Week-15,Q2,2024,2143,0,4479,81,0.236,Online ,Grocery,149.58,1
981424737,Blue,415,1,117,2025-11-02,Week-44,Q4,2025,6224,1473,3837,59,0.908,Swipe ,Grocery,2151.8,0
987873101,Blue,470,0,81,2024-03-03,Week-9,Q1,2024,2209,797,14224,77,0.503,Online ,Entertainment,543.75,0
943251559,Blue,270,1,97,2025-03-02,Week-9,Q1,2025,2802,928,3877,102,0.656,Online ,Grocery,276.36,0
962409658,Blue,175,1,115,2025-02-09,Week-6,Q1,2025,22143,2517,1339,87,0.415,Swipe ,Bills,204.08,1
959295515,Blue,390,1,155,2025-11-30,Week-48,Q4,2025,7026,2189,9523,50,0.631,Swipe ,Food,750.69,0
959345683,Blue,280,1,90,2024-11-24,Week-47,Q4,2024,2253,0,5237,31,0.386,Swipe ,Grocery,716.5,0
990681152,Blue,175,1,119,2025-04-06,Week-14,Q2,2025,24765,0,4404,48,0.34,Swipe ,Food,479.04,0
928682516,Blue,495,1,117,2025-06-15,Week-24,Q2,2025,2734,0,4253,34,0.634,Online ,Food,2014.61,0
968608612,Blue,495,1,99,2024-04-07,Week-14,Q2,2024,22074,1307,1339,87,0.591,Online ,Bills,331.94,0
963509974,Blue,340,1,96,2025-02-09,Week-6,Q1,2025,15142,1174,1949,56,0.294,Swipe ,Fuel,507.2,0
998779073,Blue,125,1,116,2025-03-30,Week-13,Q1,2025,1833,727,2960,34,0.149,Online ,Fuel,694.68,1
922775593,Blue,425,1,88,2024-07-21,Week-29,Q3,2024,2017,796,4430,64,0.369,Chip ,Fuel,647.36,0
988429450,Blue,125,1,100,2025-07-06,Week-27,Q3,2025,3991,557,4081,36,0.415,Online ,Travel,257.04,0
911381064,Blue,125,1,119,2024-02-11,Week-6,Q1,2024,16320,1938,8689,85,0.629,Chip ,Fuel,782.4,0
938089166,Blue,345,1,75,2025-10-19,Week-42,Q4,2025,2000,1400,4457,62,0.915,Swipe ,Bills,1696.08,0
969182797,Blue,295,1,93,2025-12-07,Week-49,Q4,2025,34516,1155,3028,76,0.036,Swipe ,Entertainment,697.5,0
989100953,Blue,355,1,105,2025-08-17,Week-33,Q3,2025,2182,1507,3058,43,0.244,Online ,Grocery,2182.32,0
984951883,Blue,355,1,160,2025-04-13,Week-15,Q2,2025,14140,2505,5051,36,0.194,Swipe ,Fuel,443.31,0
983115778,Blue,300,0,84,2024-09-29,Week-39,Q3,2024,2801,1496,2401,22,0.502,Online ,Travel,108,0
944988206,Blue,195,1,127,2025-02-16,Week-7,Q1,2025,7464,0,4596,66,0.43,Online ,Food,1581.3,1
912534217,Blue,295,1,77,2025-08-03,Week-31,Q3,2025,29939,2037,1444,83,0.729,Online ,Travel,497.97,1
931523529,Blue,150,0,149,2024-01-28,Week-4,Q1,2024,9959,0,4317,70,0.242,Online ,Bills,569.8,0
990301106,Blue,430,0,84,2024-02-25,Week-8,Q1,2024,4549,1470,2833,120,0.594,Chip ,Entertainment,1035.25,0
941663795,Blue,335,1,57,2025-03-09,Week-10,Q1,2025,3092,502,5329,39,0.884,Chip ,Fuel,273.75,0
930150759,Blue,400,1,100,2024-12-29,Week-52,Q4,2024,4103,2129,966,45,0.911,Swipe ,Fuel,3492.32,0
926726767,Blue,295,1,79,2025-01-19,Week-3,Q1,2025,9076,0,7642,65,0.959,Chip ,Travel,528.33,0
919777514,Blue,200,1,66,2025-09-07,Week-36,Q3,2025,16284,1358,4293,70,0.773,Swipe ,Bills,257.6,0
903278320,Blue,390,0,107,2024-04-07,Week-14,Q2,2024,1884,0,1259,75,0.906,Swipe ,Travel,344.77,1
906202700,Blue,465,1,84,2025-03-16,Week-11,Q1,2025,34516,0,1744,24,0.235,Online ,Travel,560.69,0
932862209,Blue,475,0,158,2025-10-05,Week-40,Q4,2025,12773,932,4419,33,0.198,Online ,Entertainment,695.1,1
963771720,Blue,270,1,66,2025-02-02,Week-5,Q1,2025,17504,668,3562,117,0.006,Online ,Bills,978,0
982043803,Blue,200,1,88,2024-03-10,Week-10,Q1,2024,2989,0,2015,81,0.707,Online ,Entertainment,271.74,0
909774839,Blue,100,1,101,2024-03-17,Week-11,Q1,2024,7633,2277,4874,41,0.937,Online ,Bills,217.4,0
961124923,Blue,100,1,158,2024-10-20,Week-42,Q4,2024,5712,1188,3960,36,0.187,Online ,Fuel,349.44,1
955625330,Blue,195,1,71,2025-06-29,Week-26,Q2,2025,5918,0,3616,53,0.637,Chip ,Grocery,350.4,0
984525678,Blue,355,1,128,2024-05-12,Week-19,Q2,2024,26723,1444,15572,82,0.746,Swipe ,Food,790.78,0
977265240,Blue,190,1,166,2024-03-03,Week-9,Q1,2024,2798,1816,3445,39,0.928,Swipe ,Grocery,310.94,0
926096655,Blue,150,1,112,2024-04-28,Week-17,Q2,2024,1438.3,1979,3942,33,0.647,Online ,Bills,2400.8,0
996414756,Blue,200,1,96,2024-09-08,Week-36,Q3,2024,7037,478,4397,117,0.97,Chip ,Grocery,925.68,0
993463085,Blue,125,1,93,2025-07-13,Week-28,Q3,2025,19366,1380,1525,45,0.345,Online ,Travel,2049.32,0
951536717,Silver,275,1,51,2025-07-27,Week-30,Q3,2025,2799,1806,4300,46,0.35,Chip ,Fuel,848.75,1
966354180,Silver,410,1,85,2025-06-08,Week-23,Q2,2025,1602,0,1676,83,0.543,Chip ,Food,792.03,0
953640499,Blue,150,0,136,2025-05-11,Week-19,Q2,2025,19099,1233,5269,69,0.384,Swipe ,Food,916.6,0
932747037,Silver,125,0,87,2025-10-05,Week-40,Q4,2025,25657,1838,3280,56,0.001,Swipe ,Food,244.32,0
919806690,Blue,455,1,85,2024-10-20,Week-42,Q4,2024,24499,1674,4167,63,0.732,Chip ,Fuel,875.38,0
988054615,Blue,125,1,60,2024-12-08,Week-49,Q4,2024,1616,1673,4412,44,0.752,Swipe ,Grocery,324,1
992291118,Blue,250,1,85,2025-06-22,Week-25,Q2,2025,1489,1311,4593,84,0.747,Chip ,Food,269.94,0
900744212,Blue,140,1,78,2025-04-20,Week-16,Q2,2025,3818,1707,4423,86,0.345,Chip ,Food,292.06,0
914305904,Blue,95,1,74,2024-09-22,Week-38,Q3,2024,12050,1846,2321,41,0.522,Chip ,Bills,768,0
957062156,Silver,195,1,138,2025-02-16,Week-7,Q1,2025,2440,2446,5192,51,0.36,Swipe ,Travel,695.4,0
929372360,Blue,150,1,70,2025-03-30,Week-13,Q1,2025,2322,2517,4079,67,0.016,Online ,Bills,517.44,0
923607110,Blue,125,1,69,2025-06-29,Week-26,Q2,2025,2712,0,8300,60,0.562,Swipe ,Grocery,116.22,0
993403697,Blue,390,1,76,2025-01-26,Week-4,Q1,2025,2781,2154,7586,35,0.124,Online ,Fuel,635.7,0
969519112,Blue,360,1,118,2024-03-31,Week-13,Q1,2024,7486,0,14955,74,0.08,Swipe ,Fuel,522.76,0
962350830,Blue,200,0,111,2025-12-14,Week-50,Q4,2025,8717,2145,15123,37,0.755,Swipe ,Bills,899.43,0
906740197,Blue,175,0,85,2025-09-21,Week-38,Q3,2025,2536,0,4139,31,0.01,Online ,Entertainment,362.94,1
974813739,Blue,125,1,91,2024-04-14,Week-15,Q2,2024,2021,0,4431,72,0.959,Chip ,Bills,807.62,0
933446826,Blue,335,1,66,2025-08-10,Week-32,Q3,2025,2778,2517,2256,82,0.515,Online ,Entertainment,1083.5,0
916288475,Blue,270,1,72,2025-08-10,Week-32,Q3,2025,1789,0,1640,78,0.983,Chip ,Bills,1325.59,0
961265269,Blue,425,0,41,2025-11-23,Week-47,Q4,2025,2382,157,1083,72,0.058,Chip ,Entertainment,143,0
917896471,Silver,285,1,67,2025-05-11,Week-19,Q2,2025,11669,1351,4937,127,0.584,Swipe ,Entertainment,462.28,0
962363359,Blue,275,1,53,2025-10-12,Week-41,Q4,2025,34516,1334,2253,121,0.349,Swipe ,Food,835.4,0
989600766,Blue,285,1,97,2024-07-14,Week-28,Q3,2024,5542,0,2273,46,0.843,Swipe ,Food,354.27,1
971287314,Blue,125,0,106,2025-01-26,Week-4,Q1,2025,2032,2379,2314,85,0.361,Swipe ,Entertainment,341.12,0
975017682,Blue,405,1,135,2025-02-09,Week-6,Q1,2025,8516,1466,13866,47,0.26,Swipe ,Entertainment,398.04,0
979920257,Silver,110,0,80,2024-07-28,Week-30,Q3,2024,34516,0,4323,33,0.858,Online ,Travel,2466.45,0
942587010,Blue,380,1,156,2025-01-05,Week-1,Q1,2025,1809,674,2829,59,0.375,Online ,Entertainment,301.15,1
959401199,Blue,380,1,109,2024-11-03,Week-44,Q4,2024,3734,2134,1777,55,0.017,Online ,Food,846.45,1
982228802,Blue,465,0,89,2025-02-16,Week-7,Q1,2025,10305,0,1458,86,0.39,Online ,Entertainment,1279.77,0
996539316,Silver,395,1,157,2024-12-29,Week-52,Q4,2024,10029,1212,4532,65,0.655,Swipe ,Fuel,177.1,0
967750178,Blue,365,0,77,2025-01-12,Week-2,Q1,2025,3803,1148,1725,72,0.254,Online ,Travel,388.55,0
957276174,Blue,465,1,75,2025-10-19,Week-42,Q4,2025,2500,0,4699,72,0.432,Online ,Entertainment,305,0
973534128,Blue,375,1,78,2024-03-31,Week-13,Q1,2024,1893,1636,1464,76,0.057,Chip ,Food,3464.24,0
959849511,Blue,200,1,99,2024-10-13,Week-41,Q4,2024,1558,1731,4161,68,0.588,Swipe ,Food,102.33,0
921361812,Blue,335,1,159,2025-01-19,Week-3,Q1,2025,3021,2311,14651,91,0.756,Online ,Grocery,2202.48,0
999811743,Blue,480,1,145,2024-10-13,Week-41,Q4,2024,9030,745,3967,86,0.413,Online ,Food,116.9,0
963709724,Blue,440,1,62,2025-08-24,Week-34,Q3,2025,3556,2365,1988,86,0.42,Online ,Travel,401.5,0
960407340,Blue,450,1,70,2024-08-18,Week-33,Q3,2024,30137,0,1768,41,0.088,Swipe ,Food,960.08,0
934788100,Blue,200,0,66,2024-12-01,Week-48,Q4,2024,6039,1124,4153,28,0.202,Online ,Fuel,396.9,0
933183955,Blue,125,1,87,2024-05-19,Week-20,Q2,2024,14416,2097,4184,48,0.155,Chip ,Bills,790.78,0
985585469,Blue,300,1,72,2025-09-07,Week-36,Q3,2025,1438.3,749,5041,35,0.482,Swipe ,Fuel,784.68,0
937220099,Blue,470,1,111,2025-03-02,Week-9,Q1,2025,6867,0,1367,56,0.529,Chip ,Fuel,262.2,1
969967676,Blue,200,1,69,2024-03-03,Week-9,Q1,2024,6235,0,1793,91,0.949,Swipe ,Travel,212.29,0
965041510,Blue,125,1,52,2024-03-24,Week-12,Q1,2024,9634,955,8379,64,0.073,Online ,Travel,293.25,0
984120751,Blue,410,1,82,2024-03-17,Week-11,Q1,2024,6380,0,2492,47,0.6,Swipe ,Grocery,671.44,0
932111036,Blue,445,1,107,2024-03-24,Week-12,Q1,2024,5225,0,4463,40,0.526,Swipe ,Food,282.12,0
936855845,Blue,125,1,78,2025-01-26,Week-4,Q1,2025,34516,0,2548,64,0.516,Swipe ,Grocery,459,0
959038700,Blue,125,0,108,2024-03-31,Week-13,Q1,2024,33184,0,4234,75,0.873,Chip ,Travel,692.72,0
910399639,Blue,175,1,105,2025-11-02,Week-44,Q4,2025,24446,2517,12592,58,0.206,Swipe ,Food,615,0
995770370,Blue,110,1,71,2025-10-26,Week-43,Q4,2025,4852,1630,4841,57,0.041,Online ,Travel,1175.72,0
938349783,Blue,175,1,80,2024-12-01,Week-48,Q4,2024,4353,1356,3881,63,0.672,Swipe ,Travel,280.8,0
931473195,Blue,445,1,79,2025-12-28,Week-52,Q4,2025,14015,672,4325,80,0.345,Swipe ,Bills,666.12,0
936468984,Silver,300,0,111,2024-04-28,Week-17,Q2,2024,7623,1308,4862,86,0.018,Online ,Fuel,803.75,1
945076693,Blue,200,1,144,2025-05-18,Week-20,Q2,2025,9764,0,2072,89,0.251,Online ,Grocery,316.58,0
942910691,Blue,250,1,71,2024-02-25,Week-8,Q1,2024,3356,2455,3943,59,0.309,Chip ,Grocery,1240.92,0
972498004,Blue,125,1,86,2025-06-15,Week-24,Q2,2025,4650,0,3636,35,0.617,Online ,Entertainment,1182.44,1
910814950,Blue,470,0,72,2025-05-18,Week-20,Q2,2025,2188,0,3297,73,0.173,Online ,Bills,224.4,0
918572252,Blue,475,0,43,2025-05-18,Week-20,Q2,2025,32275,1359,1739,27,0.413,Online ,Travel,314,0
920244148,Blue,430,1,76,2024-10-27,Week-43,Q4,2024,7050,1784,8444,79,0.482,Swipe ,Travel,1773.24,0
931039390,Blue,95,1,113,2025-08-24,Week-34,Q3,2025,15809,1807,4415,75,0.459,Chip ,Bills,1020.8,0
951410126,Blue,405,1,115,2024-04-21,Week-16,Q2,2024,19763,0,8000,89,0.974,Online ,Food,680.4,0
993140367,Blue,195,0,83,2025-01-05,Week-1,Q1,2025,3235,2267,1813,46,0.046,Online ,Grocery,4394.66,0
920509175,Blue,395,1,99,2024-11-17,Week-46,Q4,2024,3877,1611,1814,70,0.951,Online ,Travel,611.8,0
994813972,Blue,100,0,60,2025-08-24,Week-34,Q3,2025,2930,1850,4855,61,0.582,Swipe ,Entertainment,583,0
928716269,Blue,455,0,74,2025-11-09,Week-45,Q4,2025,3216,2158,1314,47,0.796,Swipe ,Grocery,429.03,0
908620650,Blue,125,1,81,2025-01-19,Week-3,Q1,2025,34516,0,1235,32,0.43,Chip ,Fuel,2725.02,0
955682626,Blue,420,1,69,2025-10-12,Week-41,Q4,2025,4386,1908,14160,70,0.454,Chip ,Bills,1182.6,0
954707061,Blue,475,0,119,2024-02-18,Week-7,Q1,2024,5579,623,1203,97,0.879,Swipe ,Grocery,144.66,0
944410148,Blue,395,1,84,2024-09-15,Week-37,Q3,2024,15987,316,4530,70,0.896,Online ,Fuel,1751.4,0
972828034,Blue,350,1,100,2025-06-22,Week-25,Q2,2025,2464,1807,16027,40,0.239,Online ,Entertainment,1371.99,0
962535301,Blue,390,0,126,2024-10-06,Week-40,Q4,2024,1438.3,1655,2510,78,0.199,Chip ,Food,552.5,0
955804273,Blue,450,1,70,2024-11-17,Week-46,Q4,2024,1643,0,4805,82,0.496,Online ,Bills,787.64,0
908357162,Blue,360,1,117,2024-04-07,Week-14,Q2,2024,8362,1697,4435,37,0.9,Swipe ,Food,192.92,0
927760841,Blue,350,0,81,2025-06-01,Week-22,Q2,2025,7756,1315,1151,123,0.322,Chip ,Travel,995.5,0
956390708,Blue,95,1,69,2025-03-30,Week-13,Q1,2025,1438.3,0,15824,70,0.652,Swipe ,Food,253.99,0
952274692,Blue,245,0,70,2024-07-14,Week-28,Q3,2024,1438.3,1781,2907,17,0.708,Swipe ,Travel,179.76,1
978393811,Blue,245,1,95,2024-05-19,Week-20,Q2,2024,6996,1688,8918,37,0.779,Online ,Fuel,192.15,0
993351515,Blue,125,0,77,2025-08-17,Week-33,Q3,2025,13387,1671,3391,53,0.564,Swipe ,Grocery,139.14,0
902621534,Silver,440,1,129,2025-03-09,Week-10,Q1,2025,6024,463,14912,36,0.402,Swipe ,Entertainment,2475.68,0
977267850,Blue,175,1,91,2024-07-21,Week-29,Q3,2024,1696,1696,15851,81,0.967,Online ,Fuel,1291.15,0
951053877,Blue,300,1,113,2024-04-07,Week-14,Q2,2024,5844,1421,1885,115,0.611,Swipe ,Entertainment,1166.76,1
964019136,Blue,460,1,111,2024-11-10,Week-45,Q4,2024,2718,1118,4271,89,0.729,Online ,Food,325.68,1
900791358,Blue,455,1,87,2025-05-18,Week-20,Q2,2025,3510,2493,3549,84,0.345,Swipe ,Entertainment,216.48,0
947212267,Blue,110,1,115,2024-12-01,Week-48,Q4,2024,6763,887,4073,49,0.67,Online ,Food,558.69,0
940079111,Blue,200,0,156,2024-04-14,Week-15,Q2,2024,5927,1970,1531,48,0.258,Online ,Entertainment,1133.61,1
952343121,Blue,125,1,69,2025-11-16,Week-46,Q4,2025,1592,1623,13767,86,0.245,Chip ,Bills,1836.78,0
956240084,Blue,125,1,95,2024-09-08,Week-36,Q3,2024,2703,0,2229,76,0.715,Swipe ,Fuel,1514.09,0
972238741,Blue,200,1,102,2025-06-01,Week-22,Q2,2025,2900,1720,4092,63,0.521,Swipe ,Bills,567.84,0
998600914,Blue,245,1,112,2024-07-21,Week-29,Q3,2024,9109,0,7391,122,0.683,Chip ,Grocery,1517.2,0
973300637,Blue,245,1,97,2025-12-28,Week-52,Q4,2025,10531,1794,2283,103,0.269,Online ,Grocery,421.05,0
980967191,Blue,370,1,114,2025-01-19,Week-3,Q1,2025,3206,1705,2322,96,0.599,Online ,Travel,587.16,0
929600202,Blue,340,1,119,2025-05-18,Week-20,Q2,2025,1438.3,0,2824,36,0.444,Chip ,Travel,202.28,1
965529051,Blue,480,1,87,2025-11-23,Week-47,Q4,2025,2020,0,1397,91,0.597,Chip ,Travel,213.18,1
929450273,Blue,380,1,106,2025-07-13,Week-28,Q3,2025,1483,0,1371,118,0.291,Online ,Grocery,1218.88,0
936632757,Platinum,275,1,68,2025-07-06,Week-27,Q3,2025,7361,716,15200,55,0.715,Online ,Entertainment,1298,0
958496914,Blue,355,1,99,2025-08-31,Week-35,Q3,2025,1438.3,1434,2584,51,0.806,Chip ,Food,239.53,0
965181765,Blue,200,1,105,2025-08-03,Week-31,Q3,2025,22938,580,4654,59,0.26,Swipe ,Entertainment,174.32,0
903895645,Blue,390,0,100,2025-05-18,Week-20,Q2,2025,2598,1528,4106,81,0.301,Online ,Fuel,1186.64,0
952191530,Blue,450,1,89,2024-01-28,Week-4,Q1,2024,2220,0,3843,81,0.661,Chip ,Grocery,331.87,0
945114543,Blue,245,1,99,2025-06-29,Week-26,Q2,2025,5344,1176,4009,43,0.696,Swipe ,Food,172.8,0
989774697,Blue,300,1,113,2025-08-17,Week-33,Q3,2025,1651,1362,4858,81,0.704,Swipe ,Food,270.38,0
991152880,Blue,380,1,83,2025-09-14,Week-37,Q3,2025,17087,2301,3216,80,0.683,Swipe ,Food,3653.5,0
954266464,Blue,125,1,52,2024-09-01,Week-35,Q3,2024,7199,0,4092,108,0.393,Swipe ,Travel,917.27,1
997197979,Blue,335,1,61,2024-01-28,Week-4,Q1,2024,9559,1869,4141,74,0.395,Chip ,Food,898.48,0
922151928,Blue,425,1,156,2024-06-16,Week-24,Q2,2024,1827,1134,2156,82,0.255,Online ,Food,320.15,0
962732043,Blue,455,0,99,2024-09-01,Week-35,Q3,2024,5497,0,1425,41,0.157,Swipe ,Grocery,383.35,0
917129912,Blue,95,1,107,2025-09-21,Week-38,Q3,2025,3189,1305,3672,24,0.693,Swipe ,Entertainment,966,1
983517915,Blue,425,1,55,2025-11-16,Week-46,Q4,2025,2463,0,15148,86,0.093,Chip ,Entertainment,92.62,0
971688860,Blue,250,1,113,2024-10-06,Week-40,Q4,2024,15633,0,4817,27,0.938,Swipe ,Bills,487.4,0
903619375,Blue,200,1,87,2024-11-03,Week-44,Q4,2024,6083,687,4811,79,0.827,Chip ,Bills,162.61,0
952884503,Blue,200,1,69,2024-11-10,Week-45,Q4,2024,3062,1003,2577,113,0.858,Chip ,Fuel,996.36,0
979442503,Blue,300,1,82,2024-01-07,Week-1,Q1,2024,1695,1749,4519,43,0.907,Online ,Grocery,329.13,0
975751409,Silver,455,1,91,2024-06-16,Week-24,Q2,2024,24602,1886,3438,79,0.409,Swipe ,Bills,1155,0
988986321,Blue,200,0,163,2024-05-12,Week-19,Q2,2024,4143,1281,4163,49,0.847,Online ,Bills,298.74,0
903637575,Blue,440,1,135,2025-05-25,Week-21,Q2,2025,2042,1183,4530,63,0.158,Chip ,Grocery,286.72,1
911267237,Blue,430,1,94,2025-08-17,Week-33,Q3,2025,3828,0,2086,56,0.022,Swipe ,Entertainment,57.36,0
986268397,Blue,445,0,119,2024-12-29,Week-52,Q4,2024,3264,0,2135,41,0.785,Chip ,Fuel,466.92,0
957527432,Silver,370,1,116,2024-03-03,Week-9,Q1,2024,4579,1837,8087,73,0.075,Chip ,Fuel,1397.1,0
918213276,Blue,270,1,86,2024-05-12,Week-19,Q2,2024,7223,1969,2194,72,0.989,Chip ,Fuel,898.38,0
961968116,Blue,220,1,41,2025-10-26,Week-43,Q4,2025,27000,0,2493,25,0.675,Swipe ,Bills,631.26,0
924391257,Blue,245,1,89,2025-07-27,Week-30,Q3,2025,20230,0,1879,86,0.753,Chip ,Entertainment,187.92,0
906749089,Platinum,300,1,73,2024-01-28,Week-4,Q1,2024,2695,0,15054,30,0.246,Chip ,Fuel,92.05,0
934917589,Blue,140,1,117,2024-03-24,Week-12,Q1,2024,4850,1719,4498,77,0.674,Swipe ,Grocery,1078.25,0
950882459,Blue,125,1,113,2025-11-02,Week-44,Q4,2025,2680,1469,4572,75,0.043,Online ,Fuel,126.91,0
943936531,Blue,465,1,75,2025-04-20,Week-16,Q2,2025,34516,1440,1193,64,0.838,Chip ,Travel,295.5,1
928408562,Blue,200,1,106,2024-07-14,Week-28,Q3,2024,2570,1083,15110,56,0.17,Online ,Entertainment,176.61,0
961028710,Blue,200,0,111,2024-12-08,Week-49,Q4,2024,1438.3,0,1481,72,0.697,Online ,Travel,468.48,0
943868501,Gold,200,1,114,2025-01-12,Week-2,Q1,2025,3198,1480,3577,80,0.224,Online ,Entertainment,1380.4,0
945298556,Silver,95,1,80,2025-02-16,Week-7,Q1,2025,3095,1665,8796,74,0.068,Online ,Food,3737.5,0
950885459,Blue,100,1,115,2024-11-03,Week-44,Q4,2024,2960,1173,705,37,0.481,Online ,Grocery,689.22,1
937346970,Blue,175,1,141,2024-05-26,Week-21,Q2,2024,5242,0,1736,40,0.169,Online ,Food,680.42,0
956581473,Blue,385,1,106,2024-12-01,Week-48,Q4,2024,11346,1614,1213,82,0.729,Swipe ,Bills,953.2,0
933859311,Platinum,440,1,132,2024-10-06,Week-40,Q4,2024,2140,1275,4375,40,0.238,Swipe ,Bills,751.52,0
910993268,Blue,430,1,102,2025-10-12,Week-41,Q4,2025,2589,1103,3915,81,0.342,Online ,Food,392.73,0
963123515,Blue,125,0,108,2024-10-20,Week-42,Q4,2024,12906,821,4385,78,0.567,Swipe ,Entertainment,997.71,0
902601580,Silver,420,1,97,2025-11-30,Week-48,Q4,2025,3460,1664,1544,82,0.285,Swipe ,Fuel,816.12,1
972399599,Blue,415,1,103,2025-05-25,Week-21,Q2,2025,34516,1921,4244,77,0.378,Online ,Travel,234.9,0
906990811,Blue,460,1,84,2025-06-22,Week-25,Q2,2025,14910,0,4755,78,0.816,Online ,Grocery,871.5,0
946970882,Blue,405,1,80,2024-03-17,Week-11,Q1,2024,34516,2517,4060,73,0.179,Chip ,Fuel,488.02,0
930094589,Blue,380,1,74,2024-02-18,Week-7,Q1,2024,13473,542,1592,51,0.082,Swipe ,Bills,348.72,1
987260863,Blue,480,1,47,2024-05-19,Week-20,Q2,2024,3192,0,4759,70,0.328,Online ,Fuel,1884.24,0
909209801,Blue,330,0,105,2024-05-26,Week-21,Q2,2024,2835,743,4545,66,0.424,Swipe ,Food,172.04,0
987477029,Blue,495,0,103,2025-11-09,Week-45,Q4,2025,1484,2222,7053,50,0.543,Swipe ,Food,746.46,0
905403355,Blue,335,1,72,2025-07-13,Week-28,Q3,2025,21927,1740,2864,38,0.372,Swipe ,Travel,763.56,0
904164775,Blue,395,1,160,2024-02-18,Week-7,Q1,2024,5927,0,4102,33,0.79,Chip ,Bills,1736.04,0
933189803,Blue,220,1,93,2025-08-31,Week-35,Q3,2025,1773,2488,4406,64,0.039,Online ,Entertainment,510.98,0
926757737,Gold,350,1,77,2024-03-17,Week-11,Q1,2024,7464,1483,1944,22,0.432,Swipe ,Grocery,149.58,0
902735359,Blue,355,1,61,2024-09-01,Week-35,Q3,2024,2334,1716,2660,33,0.382,Online ,Food,364.6,0
983394260,Blue,250,1,113,2025-02-02,Week-5,Q1,2025,1438.3,1775,4768,52,0.648,Swipe ,Grocery,569.94,0
920452412,Blue,435,1,84,2025-08-17,Week-33,Q3,2025,2669,1490,5037,79,0.966,Online ,Bills,436.15,0
932016960,Silver,150,1,70,2025-01-19,Week-3,Q1,2025,19704,1348,4247,45,0.51,Online ,Entertainment,1027.74,1
916941092,Blue,450,1,111,2025-03-16,Week-11,Q1,2025,17542,1846,4518,37,0.987,Online ,Food,1776.6,0
963560289,Blue,245,1,116,2025-06-29,Week-26,Q2,2025,2013,1499,1833,67,0.302,Swipe ,Travel,1573.88,0
989853245,Silver,430,1,98,2025-02-02,Week-5,Q1,2025,2624,1862,4880,65,0.031,Chip ,Grocery,624.6,0
915353091,Blue,475,1,83,2025-01-12,Week-2,Q1,2025,2270,0,12867,74,0.166,Online ,Bills,375.84,1
975694715,Blue,200,1,135,2024-09-01,Week-35,Q3,2024,3770,0,1970,79,0.395,Chip ,Grocery,479.4,0
929254705,Platinum,345,1,112,2024-07-14,Week-28,Q3,2024,3880,1561,3547,118,0.316,Online ,Entertainment,1051.54,0
962415804,Silver,455,1,90,2025-11-09,Week-45,Q4,2025,27157,532,1674,89,0.097,Chip ,Travel,181.8,0
993880599,Blue,275,1,119,2025-04-06,Week-14,Q2,2025,2939,321,3919,32,0.433,Online ,Entertainment,59.4,0
934392446,Blue,325,1,134,2024-04-14,Week-15,Q2,2024,5865,1162,15785,49,0.338,Chip ,Food,813.42,0
949512272,Blue,455,1,117,2024-11-10,Week-45,Q4,2024,2315,1839,1099,19,0.123,Online ,Fuel,333.52,1
922520277,Blue,200,0,81,2025-01-26,Week-4,Q1,2025,3731,968,3031,47,0.296,Online ,Entertainment,1247.8,1
981321540,Blue,125,1,50,2024-04-14,Week-15,Q2,2024,1982,2517,8055,58,0.886,Chip ,Entertainment,622.68,0
981503378,Blue,200,1,138,2024-09-15,Week-37,Q3,2024,1954,0,5245,31,0.302,Online ,Grocery,1389.44,0
996416275,Blue,175,1,98,2025-08-31,Week-35,Q3,2025,1690,621,14969,82,0.714,Swipe ,Entertainment,472.09,0
915372341,Blue,300,1,119,2025-08-31,Week-35,Q3,2025,2494,1080,3987,71,0.612,Online ,Bills,1377.5,1
921980274,Blue,140,1,86,2025-06-15,Week-24,Q2,2025,1882,1342,5056,72,0.427,Online ,Food,337.05,0
941746937,Blue,300,1,112,2025-03-16,Week-11,Q1,2025,2317,1047,14763,30,0.239,Swipe ,Grocery,1116.45,0
914508768,Blue,480,1,115,2025-04-20,Week-16,Q2,2025,34516,1606,16220,86,0.369,Swipe ,Grocery,349.92,1
977669750,Blue,380,1,40,2025-08-24,Week-34,Q3,2025,18008,629,3591,61,0.592,Swipe ,Fuel,280.88,0
903446499,Blue,290,1,45,2024-10-06,Week-40,Q4,2024,2209,922,2473,91,0.351,Chip ,Food,4242.94,0
941870192,Blue,245,1,119,2024-02-11,Week-6,Q1,2024,2480,885,4755,86,0.215,Swipe ,Bills,963.17,0
977282128,Blue,100,1,101,2024-07-21,Week-29,Q3,2024,2473,2057,2534,50,0.116,Chip ,Food,374.4,0
990912013,Blue,95,0,53,2024-12-22,Week-51,Q4,2024,3696,1713,1364,131,0.88,Swipe ,Entertainment,108,0
950372847,Blue,125,1,110,2025-06-22,Week-25,Q2,2025,3291,1858,4735,71,0.44,Chip ,Fuel,350.02,0
953238057,Blue,220,1,68,2024-02-25,Week-8,Q1,2024,8242,1072,4327,65,0.625,Swipe ,Bills,390.39,1
995967649,Blue,175,1,121,2024-01-07,Week-1,Q1,2024,19259,0,4517,77,0.49,Swipe ,Fuel,751.2,0
926619372,Blue,125,1,43,2024-07-07,Week-27,Q3,2024,1721,0,1836,130,0.873,Online ,Food,696.83,0
910200074,Blue,125,1,108,2024-09-29,Week-39,Q3,2024,9569,535,1052,24,0.547,Swipe ,Travel,386.73,0
979470029,Blue,320,1,83,2024-07-14,Week-28,Q3,2024,3838,1650,4546,76,0.481,Online ,Food,983.64,0
992692697,Blue,300,1,94,2025-11-23,Week-47,Q4,2025,19262,0,5806,39,0.925,Swipe ,Entertainment,585,0
984187049,Platinum,440,0,121,2024-05-05,Week-18,Q2,2024,2281,1871,1499,53,0.72,Swipe ,Fuel,549.45,0
932594692,Blue,245,1,103,2025-11-16,Week-46,Q4,2025,1790,2030,1456,84,0.112,Online ,Travel,468.24,0
913676961,Silver,400,1,106,2024-08-18,Week-33,Q3,2024,2164,0,1397,29,0.178,Online ,Entertainment,299.88,0
993575660,Blue,480,0,94,2024-09-22,Week-38,Q3,2024,2069,0,3943,51,0.787,Chip ,Fuel,485.1,0
940477742,Blue,245,1,81,2024-10-20,Week-42,Q4,2024,5550,0,1927,76,0.836,Online ,Fuel,577.59,0
991839693,Blue,460,1,87,2024-04-21,Week-16,Q2,2024,12203,1639,2754,39,0.545,Chip ,Food,1651.43,0
980585882,Blue,300,1,117,2024-01-07,Week-1,Q1,2024,34516,1884,1921,64,0.554,Swipe ,Fuel,251.58,1
916247735,Blue,485,1,138,2025-03-23,Week-12,Q1,2025,2904,1163,2533,29,0.632,Online ,Fuel,1538.8,0
975958181,Blue,200,1,112,2025-11-02,Week-44,Q4,2025,4116,930,5163,23,0.439,Online ,Grocery,2840.31,0
905512205,Blue,175,1,50,2025-01-26,Week-4,Q1,2025,3388,0,5044,29,0.68,Swipe ,Fuel,449.82,0
946600900,Blue,100,1,77,2024-06-09,Week-23,Q2,2024,3444,1619,3964,77,0.108,Swipe ,Food,322.98,0
971503856,Blue,390,1,82,2024-04-28,Week-17,Q2,2024,3670,1008,4984,67,0.961,Swipe ,Grocery,1651.43,0
957495923,Blue,175,1,109,2024-12-08,Week-49,Q4,2024,3595,0,1305,88,0.75,Swipe ,Grocery,387.3,0
988787891,Blue,250,1,103,2025-04-27,Week-17,Q2,2025,11117,1746,4530,60,0.631,Online ,Travel,451.3,0
949737181,Blue,200,0,116,2025-09-28,Week-39,Q3,2025,2669,1396,4631,62,0.316,Swipe ,Entertainment,134.8,0
909255216,Blue,220,1,84,2024-07-28,Week-30,Q3,2024,7362,1884,1051,49,0.161,Swipe ,Grocery,1022.04,0
967908907,Blue,430,1,86,2025-03-30,Week-13,Q1,2025,34516,1887,4686,34,0.409,Online ,Bills,337.05,0
986911784,Blue,420,1,118,2025-05-18,Week-20,Q2,2025,11561,1468,3760,97,0.662,Chip ,Grocery,1139.25,0
945799273,Blue,320,0,100,2025-08-24,Week-34,Q3,2025,21670,942,8006,97,0.634,Online ,Bills,3312.1,0
901698142,Blue,150,1,129,2025-12-28,Week-52,Q4,2025,1438.3,1348,3530,100,0.383,Chip ,Travel,1517.88,0
956379329,Blue,450,1,97,2024-11-17,Week-46,Q4,2024,6362,0,4446,59,0.613,Swipe ,Bills,203.84,0
965793759,Platinum,250,1,85,2024-03-10,Week-10,Q1,2024,2458,0,7784,75,0.814,Online ,Travel,385.2,0
914165187,Blue,175,1,106,2024-12-22,Week-51,Q4,2024,2033,1448,14501,27,0.026,Swipe ,Travel,179.86,0
958186525,Silver,150,1,149,2025-10-26,Week-43,Q4,2025,21679,2142,3906,84,0.451,Online ,Travel,1012.22,0
948612055,Silver,245,1,87,2024-02-11,Week-6,Q1,2024,4316,655,9183,36,0.759,Chip ,Bills,1259.28,0
985306788,Blue,300,1,81,2025-01-26,Week-4,Q1,2025,2708,2517,3480,78,0.546,Online ,Bills,360.92,0
961705170,Blue,220,0,89,2024-01-21,Week-3,Q1,2024,2306,1212,16266,105,0.651,Swipe ,Travel,3371.2,1
994933359,Blue,245,1,112,2025-02-16,Week-7,Q1,2025,1843,1600,1539,65,0.517,Online ,Travel,1224.18,0
920534124,Blue,175,1,43,2024-03-10,Week-10,Q1,2024,8420,0,5171,62,0.992,Swipe ,Entertainment,96.56,0
958450095,Blue,385,1,156,2024-10-13,Week-41,Q4,2024,12956,0,15134,35,0.055,Online ,Travel,452.03,0
923640702,Blue,495,1,150,2025-06-01,Week-22,Q2,2025,29551,810,4626,82,0.491,Chip ,Fuel,201.6,0
998488338,Blue,485,0,86,2025-01-19,Week-3,Q1,2025,3751,1276,8300,41,0.091,Online ,Entertainment,360,1
970027662,Blue,455,1,91,2025-06-01,Week-22,Q2,2025,5024,890,4390,53,0.16,Online ,Entertainment,814.08,1
987302916,Blue,445,1,91,2024-12-29,Week-52,Q4,2024,2860,1285,3676,81,0.383,Online ,Entertainment,216.44,0
936249845,Blue,95,1,92,2025-09-28,Week-39,Q3,2025,8818,1911,2440,75,0.156,Online ,Fuel,305.55,1
982666356,Blue,340,0,97,2025-07-27,Week-30,Q3,2025,4951,599,12575,31,0.964,Chip ,Entertainment,905.74,1
972232344,Blue,320,1,164,2025-01-12,Week-2,Q1,2025,4185,1296,2546,45,0.947,Swipe ,Entertainment,560.88,0
964893936,Blue,450,1,91,2024-09-22,Week-38,Q3,2024,25293,864,2338,62,0.336,Online ,Bills,280.42,1
962394301,Blue,365,1,73,2024-04-14,Week-15,Q2,2024,2194,1060,12257,68,0.64,Online ,Food,728.64,0
958461818,Blue,175,1,109,2024-12-29,Week-52,Q4,2024,7537,0,4029,75,0.534,Online ,Bills,175.98,0
998116677,Blue,340,1,111,2024-01-21,Week-3,Q1,2024,34516,2182,2220,73,0.816,Chip ,Travel,799.92,0
979520597,Blue,250,1,79,2024-10-20,Week-42,Q4,2024,7540,1131,5020,70,0.627,Swipe ,Travel,1266.3,0
936023439,Blue,150,1,149,2024-06-02,Week-22,Q2,2024,17298,0,14805,78,0,Swipe ,Grocery,461.04,0
943258988,Blue,125,1,108,2025-12-21,Week-51,Q4,2025,1438.3,2289,2492,92,0.763,Online ,Food,571.56,0
932949803,Blue,320,1,51,2025-07-13,Week-28,Q3,2025,3706,0,857,78,0.747,Online ,Fuel,282.31,0
911631697,Blue,250,1,72,2025-02-16,Week-7,Q1,2025,1957,576,1816,29,0.51,Swipe ,Bills,914,0
937437115,Blue,405,1,118,2025-09-14,Week-37,Q3,2025,4945,1641,4838,100,0.903,Online ,Travel,628.55,0
960505620,Blue,390,1,136,2024-11-24,Week-47,Q4,2024,10074,1978,2527,36,0.908,Online ,Fuel,1321.84,0
932730796,Blue,200,1,98,2024-03-24,Week-12,Q1,2024,31718,0,2261,73,0.524,Online ,Entertainment,538.32,0
962372114,Blue,360,1,102,2025-01-26,Week-4,Q1,2025,1438.3,1342,1818,83,0.608,Chip ,Fuel,329.7,0
976483924,Blue,300,1,71,2024-04-07,Week-14,Q2,2024,2564,0,2729,71,0.997,Chip ,Bills,1931.85,0
981917334,Blue,140,0,85,2024-08-11,Week-32,Q3,2024,12169,874,4758,65,0.299,Swipe ,Food,81.12,0
989682738,Blue,415,0,78,2025-01-26,Week-4,Q1,2025,1628,1570,3812,73,0.325,Chip ,Grocery,477.9,0
950867083,Blue,300,1,99,2025-06-15,Week-24,Q2,2025,4269,887,2050,95,0.183,Chip ,Bills,180.18,0
945150390,Blue,420,1,115,2024-12-29,Week-52,Q4,2024,5379,1037,1337,40,0.896,Swipe ,Food,1266.3,0
903852048,Blue,110,1,95,2025-04-20,Week-16,Q2,2025,9619,0,4647,40,0.744,Chip ,Travel,512.2,1
966344695,Blue,445,1,105,2024-03-17,Week-11,Q1,2024,2783,1616,1900,80,0.106,Swipe ,Travel,505.83,0
943622663,Blue,415,1,102,2024-12-22,Week-51,Q4,2024,2423,199,3337,63,0.982,Online ,Fuel,590.58,0
924406132,Blue,125,1,87,2024-10-06,Week-40,Q4,2024,28701,751,1401,26,0.731,Swipe ,Bills,276,0
965437844,Blue,470,1,67,2025-11-02,Week-44,Q4,2025,2590,0,7703,24,0.851,Swipe ,Travel,728.4,0
928470244,Blue,455,1,58,2024-11-03,Week-44,Q4,2024,4120,569,4163,41,0.048,Swipe ,Entertainment,1857.36,0
947623800,Blue,150,1,110,2024-07-21,Week-29,Q3,2024,1926,725,1385,82,0.505,Online ,Entertainment,224.28,0
934675473,Blue,350,0,115,2024-10-27,Week-43,Q4,2024,34516,1507,15423,91,0.699,Online ,Grocery,1692.8,0
945679506,Blue,405,0,90,2025-11-30,Week-48,Q4,2025,8738,0,2507,72,0.543,Online ,Fuel,907.76,0
937535126,Blue,445,1,79,2024-06-02,Week-22,Q2,2024,4798,1515,8751,80,0.667,Swipe ,Travel,353.05,0
980014570,Blue,245,1,67,2024-03-10,Week-10,Q1,2024,34516,0,1855,36,0.818,Swipe ,Grocery,227.28,1
994111289,Silver,300,1,83,2025-04-06,Week-14,Q2,2025,8712,926,2031,46,0.374,Swipe ,Entertainment,1099.4,0
937080140,Blue,95,0,59,2025-07-27,Week-30,Q3,2025,7277,0,4674,64,0.849,Swipe ,Grocery,1950.21,1
974597009,Blue,375,0,62,2024-04-14,Week-15,Q2,2024,13126,1533,1686,80,0.163,Swipe ,Grocery,1148.58,0
901362459,Blue,370,1,90,2025-04-20,Week-16,Q2,2025,3626,1446,4757,74,0.271,Swipe ,Travel,424.17,0
969340535,Blue,320,1,109,2025-04-06,Week-14,Q2,2025,25666,1565,4961,70,0.043,Swipe ,Travel,1520.31,0
925643159,Blue,340,1,103,2024-06-23,Week-25,Q2,2024,5479,0,4322,82,0.364,Chip ,Travel,484,0
911490777,Gold,270,1,117,2025-11-30,Week-48,Q4,2025,3250,1885,1270,87,0.38,Online ,Fuel,215.7,0
932394260,Blue,110,1,80,2024-11-10,Week-45,Q4,2024,1986,2498,1882,76,0.805,Chip ,Grocery,1157.2,0
996646785,Blue,380,1,116,2024-11-10,Week-45,Q4,2024,32222,1256,13804,76,0.653,Online ,Grocery,1260.28,0
954549859,Blue,200,1,111,2025-10-19,Week-42,Q4,2025,3006,1540,1539,53,0.437,Swipe ,Fuel,363.16,0
965575808,Blue,395,1,112,2025-08-03,Week-31,Q3,2025,11814,1521,14893,114,0.652,Chip ,Entertainment,666,0
974514489,Silver,245,1,119,2024-05-12,Week-19,Q2,2024,3313,1079,4543,74,0.053,Swipe ,Bills,1340.04,0
932255732,Blue,425,1,117,2024-08-04,Week-31,Q3,2024,1963,961,4271,54,0.18,Chip ,Entertainment,3592.16,0
992692016,Blue,430,1,68,2024-04-07,Week-14,Q2,2024,7200,0,5080,62,0.627,Chip ,Fuel,2190.76,0
963900135,Blue,330,1,112,2024-05-12,Week-19,Q2,2024,1705,2076,1235,85,0.641,Swipe ,Grocery,261.06,0
986691619,Blue,125,1,80,2024-08-18,Week-33,Q3,2024,6500,1320,3863,98,0.774,Chip ,Grocery,2400.8,0
995541870,Blue,470,0,74,2024-06-30,Week-26,Q2,2024,1871,1258,4540,115,0.403,Chip ,Travel,185.52,0
965876924,Blue,175,0,83,2024-06-09,Week-23,Q2,2024,4409,0,1437,25,0.723,Online ,Travel,1283.13,0
960152969,Blue,385,0,90,2025-06-29,Week-26,Q2,2025,3897,0,3863,64,0.684,Swipe ,Grocery,146,0
902314351,Blue,225,0,103,2024-05-19,Week-20,Q2,2024,7345,1002,4108,48,0.963,Swipe ,Grocery,337.05,0
912489409,Blue,300,1,66,2025-11-16,Week-46,Q4,2025,2593,1373,1232,79,0.215,Chip ,Food,80.82,0
939491631,Blue,100,1,145,2025-11-16,Week-46,Q4,2025,3458,1010,1482,85,0.552,Swipe ,Travel,342.64,0
929742165,Blue,125,0,113,2025-08-10,Week-32,Q3,2025,9336,1449,5055,56,0.602,Online ,Travel,2102.49,0
954277800,Blue,485,1,116,2024-03-10,Week-10,Q1,2024,1666,2517,1846,37,0.999,Online ,Entertainment,457.3,0
992850100,Blue,435,1,94,2024-06-09,Week-23,Q2,2024,21695,1572,4498,23,0.201,Swipe ,Grocery,414.8,0
932655866,Blue,125,1,117,2025-11-23,Week-47,Q4,2025,2601,1276,1777,36,0.523,Swipe ,Grocery,1019.2,1
941098277,Blue,290,1,150,2025-07-20,Week-29,Q3,2025,8682,0,7836,32,0.346,Online ,Fuel,498.52,0
989115205,Blue,475,1,96,2025-03-23,Week-12,Q1,2025,6369,2247,3966,39,0.526,Swipe ,Entertainment,295.04,0
978055069,Blue,500,0,101,2025-02-23,Week-8,Q1,2025,1584,1952,7480,72,0.232,Chip ,Bills,1141.73,0
949529086,Blue,200,1,105,2025-11-09,Week-45,Q4,2025,8325,1800,4739,78,0.048,Swipe ,Bills,824.6,0
963519947,Blue,140,0,91,2025-05-25,Week-21,Q2,2025,4548,0,1616,67,0.573,Chip ,Bills,522.18,0
974285882,Blue,125,1,109,2025-11-16,Week-46,Q4,2025,4075,0,2605,103,0.336,Online ,Food,421.2,0
971259135,Blue,415,1,113,2025-06-08,Week-23,Q2,2025,2562,2517,2385,75,0.182,Swipe ,Travel,205.2,0
946138336,Blue,415,1,89,2025-02-09,Week-6,Q1,2025,1438.3,870,4389,60,0.324,Online ,Bills,280.63,0
957110154,Blue,365,1,74,2025-09-07,Week-36,Q3,2025,2110,670,1994,123,0.049,Swipe ,Fuel,656.4,0
973871890,Blue,250,1,91,2025-05-25,Week-21,Q2,2025,2801,1545,1796,80,0.95,Chip ,Travel,339.12,0
944398056,Blue,220,0,100,2025-08-03,Week-31,Q3,2025,2569,2179,3863,68,0.581,Swipe ,Travel,3778.58,0
947219209,Blue,300,1,68,2025-07-27,Week-30,Q3,2025,2021,640,4477,80,0.815,Online ,Bills,708.66,0
994335593,Blue,200,1,72,2025-07-13,Week-28,Q3,2025,6448,1448,3804,68,0.423,Chip ,Travel,156.6,0
960900658,Blue,410,1,58,2024-10-20,Week-42,Q4,2024,13356,0,2422,106,0.903,Swipe ,Entertainment,1177.92,0
936361787,Blue,360,1,69,2025-07-20,Week-29,Q3,2025,12007,2517,3738,64,0.483,Online ,Entertainment,911.88,0
941154241,Blue,480,1,82,2024-10-13,Week-41,Q4,2024,4384,0,4515,72,0.574,Online ,Bills,188.5,0
933742830,Blue,420,1,83,2024-05-19,Week-20,Q2,2024,1997,0,8392,74,0.492,Swipe ,Fuel,466,0
930942292,Blue,435,1,87,2025-02-02,Week-5,Q1,2025,7108,1519,1316,82,0.733,Online ,Travel,472.75,0
916194158,Blue,150,1,76,2024-03-03,Week-9,Q1,2024,7819,2517,2526,75,0.567,Chip ,Grocery,542.4,0
996809144,Blue,125,1,86,2025-03-02,Week-9,Q1,2025,28200,1421,2288,61,0.272,Swipe ,Bills,982.75,1
925848226,Blue,250,1,77,2025-02-02,Week-5,Q1,2025,1438.3,807,5074,73,0.146,Chip ,Food,209.77,0
942352128,Blue,495,1,81,2025-07-20,Week-29,Q3,2025,3735,1459,1561,85,0.606,Online ,Travel,597.69,0
916046365,Silver,200,1,74,2024-09-29,Week-39,Q3,2024,21714,0,15063,60,0.489,Online ,Bills,586.88,0
999707808,Blue,125,1,136,2025-12-14,Week-50,Q4,2025,33408,813,14107,87,0.096,Online ,Bills,645.4,0
971922443,Blue,295,1,120,2024-09-08,Week-36,Q3,2024,4135,0,3908,70,0.396,Chip ,Fuel,265.98,1
992632184,Blue,245,0,97,2025-06-15,Week-24,Q2,2025,2421,1789,1319,86,0.515,Online ,Grocery,3895.02,0
924850391,Blue,415,1,101,2024-02-25,Week-8,Q1,2024,7333,1034,4885,34,0.827,Swipe ,Travel,249.12,0
925708194,Silver,350,1,80,2024-11-17,Week-46,Q4,2024,3127,1115,1804,124,0.076,Swipe ,Bills,1088.4,0
929042654,Blue,400,1,80,2025-03-30,Week-13,Q1,2025,34516,1383,2273,74,0.348,Online ,Bills,257.04,1
999133838,Blue,285,0,74,2024-03-10,Week-10,Q1,2024,4188,1853,7991,74,0.823,Swipe ,Travel,1062.16,0
964988034,Blue,225,1,87,2024-10-06,Week-40,Q4,2024,24248,0,17258,41,0.648,Chip ,Bills,572.01,0
937111151,Blue,405,0,142,2025-02-23,Week-8,Q1,2025,7766,2188,1276,63,0.29,Chip ,Bills,511,0
997252152,Blue,125,1,83,2025-02-09,Week-6,Q1,2025,2683,1819,1671,76,0.845,Online ,Bills,849,0
979133014,Blue,420,1,79,2024-02-04,Week-5,Q1,2024,2454,1425,4087,116,0.493,Swipe ,Entertainment,449.48,0
970415568,Blue,430,1,168,2024-02-25,Week-8,Q1,2024,3961,1407,4106,39,0.498,Swipe ,Entertainment,539.21,0
980099897,Blue,250,1,70,2024-12-01,Week-48,Q4,2024,34516,1559,4579,55,0.977,Online ,Grocery,755.28,0
937983442,Blue,335,0,75,2024-09-15,Week-37,Q3,2024,2658,1405,3912,79,0.947,Chip ,Fuel,2067.01,0
913492385,Blue,460,0,85,2024-03-10,Week-10,Q1,2024,9989,1157,4085,78,0.359,Online ,Travel,1141.72,1
926054020,Blue,175,1,67,2025-08-03,Week-31,Q3,2025,2574,2517,4161,41,0.141,Swipe ,Fuel,1920.5,0
939761527,Blue,330,1,83,2024-03-24,Week-12,Q1,2024,1630,2145,16824,70,0.326,Swipe ,Fuel,916.8,0
930532273,Blue,125,1,106,2025-07-06,Week-27,Q3,2025,5815,0,4741,49,0.03,Online ,Entertainment,529.36,0
948436637,Blue,95,1,73,2025-06-22,Week-25,Q2,2025,2544,1255,2905,40,0.021,Chip ,Grocery,139.32,0
924084236,Blue,380,1,82,2025-03-30,Week-13,Q1,2025,9843,0,4685,121,0.396,Chip ,Fuel,787.27,0
940569669,Blue,125,1,44,2024-12-15,Week-50,Q4,2024,32275,2432,4463,43,0.941,Online ,Fuel,1181.25,0
901898961,Blue,250,1,112,2025-02-23,Week-8,Q1,2025,6197,0,3453,38,0.871,Swipe ,Bills,572.04,0
995028632,Blue,125,1,100,2025-06-08,Week-23,Q2,2025,8058,1155,5577,28,0.511,Chip ,Travel,896.23,0
971690398,Blue,485,1,102,2025-05-11,Week-19,Q2,2025,1849,1735,4196,96,0.565,Online ,Grocery,1724,0
916989677,Blue,370,1,101,2025-12-14,Week-50,Q4,2025,7427,634,3239,73,0.006,Swipe ,Travel,281.19,0
936817443,Blue,500,1,89,2025-10-26,Week-43,Q4,2025,2063,1386,4560,34,0.216,Chip ,Entertainment,551.88,0
906109013,Gold,175,1,110,2024-02-11,Week-6,Q1,2024,16739,991,1636,90,0.025,Chip ,Fuel,883.74,0
907318358,Silver,465,0,57,2025-02-09,Week-6,Q1,2025,19360,0,4300,66,0.755,Online ,Fuel,694.45,0
974270583,Blue,175,1,103,2025-12-28,Week-52,Q4,2025,10350,1480,4999,38,0.146,Swipe ,Food,513.57,0
939209916,Blue,275,1,86,2025-06-01,Week-22,Q2,2025,3735,1517,4508,48,0.869,Chip ,Travel,567.27,0
993605777,Blue,400,1,93,2025-08-10,Week-32,Q3,2025,12804,2327,4146,84,0.643,Online ,Entertainment,218.4,0
916948946,Blue,245,1,120,2024-06-23,Week-25,Q2,2024,3532,1565,1439,83,0.229,Chip ,Food,363.97,0
985613415,Blue,225,1,104,2024-10-20,Week-42,Q4,2024,2917,889,1830,95,0.158,Swipe ,Food,107.28,0
965884623,Blue,200,1,66,2025-06-29,Week-26,Q2,2025,10642,1634,3939,46,0.628,Chip ,Bills,2855.32,0
913769080,Blue,485,1,115,2025-03-02,Week-9,Q1,2025,1438.3,1421,2574,75,0.901,Swipe ,Food,571.56,0
901646234,Blue,300,1,100,2025-03-30,Week-13,Q1,2025,2188,0,3495,32,0.718,Chip ,Food,1122.44,0
977049595,Platinum,175,1,49,2024-05-19,Week-20,Q2,2024,3471,1348,2591,69,0.349,Chip ,Bills,248.76,1
938163378,Blue,425,0,130,2024-02-25,Week-8,Q1,2024,9852,1727,1474,67,0.587,Online ,Fuel,3276.72,0
963001391,Blue,335,0,78,2025-02-09,Week-6,Q1,2025,1527,1419,5220,66,0.311,Chip ,Fuel,60.48,0
964251933,Blue,175,1,75,2024-04-07,Week-14,Q2,2024,4165,2129,4238,75,0.999,Swipe ,Grocery,1868.3,0
959118721,Blue,360,0,163,2025-12-28,Week-52,Q4,2025,3172,2517,4537,88,0.749,Online ,Food,317.72,0
945728776,Blue,300,1,73,2024-11-03,Week-44,Q4,2024,29808,685,4608,56,0.614,Swipe ,Travel,329.13,0
924744872,Gold,465,1,50,2025-10-05,Week-40,Q4,2025,4085,1491,8443,43,0.423,Swipe ,Fuel,337.48,0
906895666,Blue,175,1,168,2024-03-17,Week-11,Q1,2024,3616,2219,3717,87,0.618,Online ,Entertainment,1045.88,1
933887075,Blue,385,1,166,2025-03-30,Week-13,Q1,2025,2748,2086,4216,33,0.342,Swipe ,Travel,262.78,0
964119726,Blue,125,0,68,2025-08-03,Week-31,Q3,2025,4549,0,2015,65,0.029,Chip ,Grocery,943.8,0
915312516,Blue,440,1,111,2024-06-09,Week-23,Q2,2024,21161,633,1804,71,0.395,Online ,Food,1047.86,0
908770247,Blue,150,1,105,2024-02-11,Week-6,Q1,2024,2189,2517,4586,14,0.93,Chip ,Bills,1132.88,0
953782042,Blue,200,1,111,2024-08-11,Week-32,Q3,2024,34516,0,3636,105,0.626,Chip ,Grocery,639,0
966001106,Blue,295,1,46,2025-09-28,Week-39,Q3,2025,3358,0,4626,64,0.084,Swipe ,Travel,1198.57,1
909943140,Blue,320,0,91,2025-02-02,Week-5,Q1,2025,2802,0,3406,56,0.885,Swipe ,Bills,249.34,0
977446468,Blue,125,1,109,2025-02-02,Week-5,Q1,2025,10775,1974,2323,61,0.269,Chip ,Entertainment,101.78,0
984482772,Blue,330,1,109,2025-04-20,Week-16,Q2,2025,16763,0,2397,72,0.244,Online ,Bills,595.04,0
992133896,Blue,245,1,72,2025-04-13,Week-15,Q2,2025,3770,0,4666,108,0.297,Chip ,Bills,471.46,1
907195288,Blue,220,1,169,2025-07-06,Week-27,Q3,2025,7927,1638,2053,18,0.577,Chip ,Entertainment,308.49,0
920364454,Blue,200,1,77,2024-05-26,Week-21,Q2,2024,11476,1383,4001,66,0.545,Swipe ,Fuel,425.72,0
920024960,Blue,175,1,68,2024-11-24,Week-47,Q4,2024,34516,1294,14833,64,0.491,Swipe ,Fuel,405.9,0
975543051,Silver,190,1,156,2024-12-01,Week-48,Q4,2024,34516,561,4374,86,0.718,Chip ,Bills,1102.4,1
940780112,Blue,425,1,105,2024-09-15,Week-37,Q3,2024,9723,2437,4665,45,0.317,Chip ,Bills,2853.48,0
911432787,Blue,200,1,93,2024-12-15,Week-50,Q4,2024,6184,0,4898,56,0.782,Swipe ,Grocery,759.72,0
933311626,Blue,195,1,102,2025-01-05,Week-1,Q1,2025,7317,680,647,67,0.175,Chip ,Fuel,481.5,1
915898299,Blue,415,0,111,2025-11-30,Week-48,Q4,2025,5015,911,4131,65,0.783,Swipe ,Entertainment,1418.76,0
974903294,Blue,125,0,103,2024-11-03,Week-44,Q4,2024,1709,0,647,25,0.664,Chip ,Food,661.94,0
955857931,Blue,295,1,160,2025-08-31,Week-35,Q3,2025,3610,829,2580,80,0.683,Online ,Food,576.95,0
981378577,Blue,245,1,107,2025-06-22,Week-25,Q2,2025,1545,0,3494,86,0.482,Online ,Bills,312.32,0
980010790,Blue,295,1,99,2024-02-18,Week-7,Q1,2024,7608,0,1626,55,0.667,Chip ,Bills,2522.46,0
983002706,Silver,350,1,98,2025-12-14,Week-50,Q4,2025,9959,834,4194,77,0.08,Swipe ,Food,267.08,0
930291214,Blue,495,1,95,2025-07-20,Week-29,Q3,2025,1986,2472,4901,122,0.852,Chip ,Grocery,414.96,0
970138498,Blue,290,1,97,2025-08-03,Week-31,Q3,2025,4423,2179,4155,29,0.056,Chip ,Grocery,421.63,0
951053474,Blue,350,1,68,2024-10-27,Week-43,Q4,2024,34516,1163,1924,47,0.149,Swipe ,Grocery,1130.91,0
